ANNEE;CD_STATION;NBPREL;MOYPTOT;MAXPTOT;MINMOLRECH;MAXMOLRECH;MINMOLQ;MAQMOLQ
2007;00054X0169/F1;4;0;0;18;96;0;0
2007;00057X0245/F1;2;0;0;18;96;0;0
2007;00057X0248/F4;2;0,02;0,04;61;96;0;1
2007;00061X0118/F8;4;0,0125;0,02;18;96;0;1
2007;00066X0042/SO;2;0,28;0,35;19;19;2;2
2007;00068X0122/F9;1;0,02;0,02;61;61;1;1
2007;00071X0015/F;2;0;0;19;19;0;0
2007;00075X0158/F15;2;0,015;0,02;19;19;1;1
2007;00085X0063/F2;2;0;0;19;19;0;0
2007;00103X0308/F3;3;0,03;0,03;18;96;1;1
2007;00104X0156/F4;2;0,02;0,03;18;96;1;2
2007;00108X0005/GC1;4;0,16;0,19;18;96;2;2
2007;00113X0010/P1;2;0,065;0,08;18;36;1;2
2007;00115X0030/P1;13;0,262307692;0,32;36;96;2;3
2007;00116X0001/P1;4;0,18;0,25;18;96;2;2
2007;00118X0027/SO;2;0,06;0,08;19;99;1;2
2007;00118X0039/F;2;0,005;0,01;19;99;0;1
2007;00122X0001/F1;1;0,04;0,04;61;61;2;2
2007;00122X0156/F3;2;0,005;0,01;18;96;0;1
2007;00126X0128/SO;2;0,05;0,06;19;19;1;2
2007;00127X0336/F;2;0,329;0,658;31;99;0;11
2007;00143B0027/F1;1;0;0;61;61;0;0
2007;00144D0129/F1;2;0;0;19;19;0;0
2007;00144D1166/F6;1;0;0;61;61;0;0
2007;00147B3049/F2BULL;1;0,06;0,06;96;96;1;1
2007;00163X0081/F;3;0,06;0,07;18;96;2;3
2007;00163X0083/F3;3;0,113333333;0,14;18;96;2;3
2007;00164X0059/P1;4;0,1375;0,16;18;96;2;2
2007;00164X0069/F1;12;0,175833333;0,21;18;96;3;3
2007;00167X0003/F1;14;0,287142857;0,43;18;96;1;7
2007;00171X0113/P1;12;0,290833333;0,39;36;96;2;3
2007;00173X0047/SO;2;0,135;0,16;19;19;2;2
2007;00175X0032/F1;2;0,045;0,06;18;96;1;2
2007;00176X0057/SO;2;0,035;0,04;19;20;1;1
2007;00177X0047/SO1;2;0,05;0,07;19;99;1;2
2007;00178X0012/P1;2;0,055;0,07;18;96;1;2
2007;00178X0020/SO;2;0,025;0,03;19;20;1;1
2007;00181X0088/E1;2;0,105;0,14;19;19;1;2
2007;00182X0001/S1;2;0,15;0,17;19;99;2;3
2007;00184X0149/P1;2;0,165;0,17;18;96;3;5
2007;00186X0005/SO;2;0,075;0,09;19;19;1;2
2007;00188X0063/SO1;2;0,035;0,04;19;19;1;1
2007;00188X0067/F3;3;0;0;18;96;0;0
2007;00191X0033/F1;2;0,03;0,04;18;96;1;2
2007;00192X0137/F2BIS;3;0,036666667;0,1;29;95;0;3
2007;00194D0214/F1;2;0,01;0,01;29;61;1;1
2007;00195X0163/F1;3;0,056666667;0,07;18;96;2;2
2007;00196X0053/P1;2;0;0;61;96;0;0
2007;00197X0113/F1;4;0,0375;0,06;18;96;1;3
2007;00198X0235/F2;2;0,035;0,04;18;96;2;2
2007;00198X0326/F1;2;0,11;0,13;19;30;4;5
2007;00201B0019/F19;1;0,04;0,04;18;18;2;2
2007;00204X0216/F2;1;0;0;61;61;0;0
2007;00205X0091/F1;3;0,023333333;0,03;18;96;1;1
2007;00208X0002/F1;1;0;0;61;61;0;0
2007;00225X0016/F6;1;0;0;18;18;0;0
2007;00234X0001/F1;3;0,123333333;0,13;18;96;2;2
2007;00234X0242/F1;1;0,08;0,08;12;12;2;2
2007;00238X0067/F1;1;0;0;12;12;0;0
2007;00241X0230/HY;2;0,015;0,02;19;21;1;1
2007;00247X0032/P1;3;0,003333333;0,01;18;96;0;1
2007;00248X0053/F2;3;0,006666667;0,01;18;96;0;1
2007;00251X0005/P1;3;0,02;0,02;18;96;1;1
2007;00252X0003/P1;3;0,083333333;0,09;18;61;2;2
2007;00253X0031/F1;3;0,04;0,07;29;96;1;2
2007;00254X0017/P1;1;0,01;0,01;96;96;1;1
2007;00256X0090/SO1;2;0,055;0,1;19;30;1;3
2007;00262X0040/SO1;2;0,04;0,05;19;99;1;2
2007;00264X0074/F1;2;0,04;0,05;29;96;1;2
2007;00265X0002/P1;2;0,015;0,02;18;96;1;1
2007;00266X0017/SO;2;0,145;0,2;19;30;3;3
2007;00266X0049/P1;2;0,06;0,07;18;96;2;2
2007;00267X0355/F1;2;0,02;0,04;19;99;0;2
2007;00268X0021/SO;2;0,28;0,42;31;99;4;9
2007;00271X0060/F2;3;0,05;0,06;18;96;2;2
2007;00272X0032/F4;3;0,03;0,05;18;96;1;2
2007;00275X0028/SO;2;0,04;0,06;19;19;1;2
2007;00276X0032/P1;2;0,025;0,04;18;96;1;2
2007;00282X0094/F1;1;0,03;0,03;96;96;1;1
2007;00285X0123/P1;1;0,02;0,02;61;61;1;1
2007;00285X0375/SO1;2;0,075;0,11;30;99;2;5
2007;00287X0122/PSEF;1;0,06;0,06;61;61;2;2
2007;00298X0012/F2;1;0,05;0,05;61;61;1;1
2007;00324X0043/HY;2;0,65;1,11;19;32;4;5
2007;00326X0110/EOLIE;2;0,18;0,19;19;99;3;3
2007;00328X0014/HY;2;0,17;0,18;19;19;3;3
2007;00328X0054/MY;2;0,18;0,21;19;99;3;3
2007;00335X0141/FEXPL1;1;0;0;12;12;0;0
2007;00343X0001/HY;2;0,025;0,03;19;19;1;1
2007;00343X0047/HY;2;0,095;0,11;19;19;1;2
2007;00344X0058/SO1;2;0,135;0,16;19;99;2;2
2007;00345X0052/HY;2;0,06;0,12;19;19;0;1
2007;00346X0010/F1;1;0;0;12;12;0;0
2007;00353X0059/F1;3;0,02;0,06;18;96;0;1
2007;00353X0097/F2;2;0,02;0,04;18;96;0;2
2007;00354X0069/P1;2;0,055;0,07;18;96;2;4
2007;00356X0045/HY;2;0,06;0,1;19;30;1;2
2007;00357X0233/F1;2;0,025;0,04;18;96;1;2
2007;00362X0022/P1;2;0,115;0,13;18;18;2;2
2007;00364X0044/P1;1;0;0;61;61;0;0
2007;00367X0006/P1;2;0;0;18;18;0;0
2007;00368X0052/SO1;2;0,4;0,44;19;99;5;6
2007;00368X0053/SO1;2;0,035;0,04;19;19;1;1
2007;00372X0075/P1;1;0,01;0,01;61;61;1;1
2007;00377X0002/P1;2;0,04;0,08;12;61;0;2
2007;00378X0002/P1;2;0,125;0,14;18;61;2;2
2007;00378X0030/SO1;2;0,16;0,16;19;99;2;2
2007;00378X0136/SO1;2;0,39;0,67;19;99;2;4
2007;00381X0083/SO1;1;0,03;0,03;19;19;1;1
2007;00384X0029/F1;1;0,05;0,05;61;61;1;1
2007;00387X0014/P1;2;0,06;0,12;12;61;0;2
2007;00395X0196/F2;2;0,045;0,09;61;96;0;2
2007;00406X0006/PAEP;1;0,03;0,03;53;53;1;1
2007;00428X0038/HY;9;0,011111111;0,1;84;166;0;1
2007;00436X0069/HY;2;0;0;80;100;0;0
2007;00436X0180/F2;3;0;0;164;166;0;0
2007;00438X0009/HY;2;0;0;166;166;0;0
2007;00443X0017/HY;2;0,09;0,18;166;166;0;2
2007;00448X0027/P;1;0;0;12;12;0;0
2007;00453X0080/HY;2;0,01;0,01;19;19;1;1
2007;00456X0025/HY;2;0,05;0,07;19;99;2;4
2007;00457X0036/HY;2;0,025;0,04;19;99;1;2
2007;00464X0050/HY;2;0,055;0,08;19;99;1;3
2007;00464X0113/HY;2;0,12;0,16;30;99;2;5
2007;00466X0149/PC;1;0;0;12;12;0;0
2007;00468X0028/HY;2;0,015;0,02;19;19;1;1
2007;00471X0075/P.ART;2;0,035;0,06;30;99;1;3
2007;00474X0078/F;1;0;0;12;12;0;0
2007;00478X0099/F01;1;0;0;99;99;0;0
2007;00483X0012/F;1;0;0;12;12;0;0
2007;00485X0056/HY;2;0,045;0,09;19;30;0;3
2007;00488X0027/HY;2;0,06;0,07;19;99;2;4
2007;00488X0042/F;1;0,09;0,09;99;99;2;2
2007;00494X0155/HY;2;0,09;0,1;19;30;3;3
2007;00495X0066/F;2;0,11;0,13;30;99;2;5
2007;00496X0033/HY;2;0,065;0,1;19;30;1;2
2007;00501X0038/HY;2;0,035;0,04;19;30;1;1
2007;00512X0204/P;2;0,16;0,32;184;184;0;1
2007;00515X0118/HY;2;0;0;184;184;0;0
2007;00517X0030/SCE;2;0,26;0,35;184;184;1;2
2007;00518X0001/S1AEP;3;0;0;53;184;0;0
2007;00518X0011/SO;2;0,03;0,06;184;184;0;1
2007;00535X0003/PAEP;1;0;0;53;53;0;0
2007;00567X0040/HY;2;0,055;0,11;164;166;0;2
2007;00568X0045/P;9;0,05;0,11;165;168;0;2
2007;00574X0138/F;1;0,024;0,024;84;84;1;1
2007;00575X0137/HY;1;0,12;0,12;139;139;2;2
2007;00578X0007/HY;9;0,052222222;0,13;165;166;0;2
2007;00581X0004/F;2;0,02;0,04;166;166;0;2
2007;00583X0003/F;2;0,025;0,03;166;166;1;1
2007;00595X0009/HY;2;0,01;0,02;166;166;0;1
2007;00596X0030/F;1;0;0;84;84;0;0
2007;00601X0040/111111;1;0,091;0,091;84;84;1;1
2007;00602X0017/P;1;0;0;84;84;0;0
2007;00606X0081/S;2;0;0;164;164;0;0
2007;00607X0228/F;1;0;0;84;84;0;0
2007;00608X0060/HY;2;0,19;0,19;166;166;2;3
2007;00616X0022/HY;2;0,145;0,15;19;99;3;4
2007;00617X0017/HY;2;0,135;0,14;19;99;4;5
2007;00624X0048/HY;2;0,06;0,07;30;99;2;2
2007;00625X0031/HY;2;0,01;0,01;19;19;1;1
2007;00627X0005/PC;1;0;0;12;12;0;0
2007;00633X0130/F01;1;0,2;0,2;99;99;8;8
2007;00634X0098/HY;2;0,02;0,03;19;30;1;1
2007;00641X0089/F;1;0;0;12;12;0;0
2007;00644X0016/F;1;0,04;0,04;99;99;1;1
2007;00647X0190/F2;1;0;0;12;12;0;0
2007;00652X0053/F;1;0;0;12;12;0;0
2007;00653X0002/F;2;0,31;0,62;184;184;0;1
2007;00656X0029/F;1;0;0;184;184;0;0
2007;00657X0047/F;4;0;0;8;184;0;0
2007;00671X0049/P-C;2;0,255;0,37;184;184;1;3
2007;00673X0096/S.GOIN;2;0,195;0,22;184;184;1;2
2007;00675X0141/F.AEP;2;0,305;0,42;184;184;1;3
2007;00678X0003/PAEP;2;0;0;1;53;0;0
2007;00681X0032/SAEP2;3;0,046666667;0,14;1;53;0;2
2007;00682X0027/SAEP;2;0,185;0,25;53;53;2;2
2007;00683X0023/SAEP1;6;0,143333333;0,32;103;108;1;2
2007;00697X0051/SAEP;1;0,34;0,34;53;53;2;2
2007;00698X0004/P4AEP;4;0,03;0,06;53;108;0;2
2007;00698X0027/SAEP;1;0,03;0,03;53;53;1;1
2007;00724X0018/F1;3;0,006666667;0,02;93;166;0;1
2007;00726X0004/FE1;6;0,003333333;0,02;93;166;0;1
2007;00728X0030/C1;7;0,082857143;0,13;53;166;0;1
2007;00728X0042/F1;3;0;0;93;166;0;0
2007;00732X0007/C1;2;0;0;166;166;0;0
2007;00732X0014/F10;2;0,64;1,06;166;166;3;7
2007;00746X0062/HY;1;0,11;0,11;139;139;2;2
2007;00753X0050/F;1;0,09;0,09;139;139;2;2
2007;00756X0151/F1;2;0,235;0,47;166;166;0;3
2007;00765X0025/HY;2;0,01;0,02;166;166;0;1
2007;00767X0021/F;1;0,059;0,059;84;84;1;1
2007;00777X0024/F;2;0,17;0,23;164;164;2;2
2007;00783X0009/HY;2;0;0;166;166;0;0
2007;00784X0017/F.1978;2;0,12;0,13;164;166;2;2
2007;00785X0001/F;2;0,038;0,054;13;94;1;1
2007;00792X0042/P;2;0,135;0,2;166;166;2;2
2007;00806X0004/P;3;0;0;55;184;0;0
2007;00811X0013/MY;2;0,005;0,01;19;19;0;1
2007;00813X0050/P;2;0,1325;0,134;184;184;2;2
2007;00814X0065/P;2;0,188;0,228;184;184;2;2
2007;00816X0062/F;2;0;0;182;184;0;0
2007;00818X0054/HY;2;0;0;184;184;0;0
2007;00825X0015/F;1;0;0;184;184;0;0
2007;00825X0128/111111;3;0;0;55;184;0;0
2007;00832X0085/HY;2;0,155;0,18;184;184;2;3
2007;00838X0006/F;2;0,1;0,13;184;184;1;1
2007;00843X0060/F.AEP;3;0;0;12;184;0;0
2007;00845X0005/F;2;0,15;0,15;184;184;2;2
2007;00845X0018/HY;2;0,87;1,07;184;184;2;2
2007;00853X0024/SAEP;2;0,35;0,43;184;184;2;2
2007;00861X0001/PAEP;3;0;0;53;184;0;0
2007;00861X0032/PAEP;1;0;0;184;184;0;0
2007;00864X0032/SAEP;6;0,116666667;0,18;103;108;2;2
2007;00868X0013/SAEP;3;0,043333333;0,1;53;184;0;1
2007;00871X0021/SAEP;7;0,027142857;0,05;53;108;0;2
2007;00873X0018/SAEP;7;0,072857143;0,13;53;108;0;2
2007;00876X0011/S1;5;1,102;1,77;103;108;3;3
2007;00878X0012/SO;6;0,093333333;0,17;103;108;2;2
2007;00878X0019/SAEP;6;0,183333333;0,24;103;108;2;2
2007;00883X0044/SAEP3;2;0,02;0,04;103;108;0;1
2007;00887X1007/SAEP1;6;0,003333333;0,02;103;108;0;1
2007;00888X0052/HY;1;0,76;0,76;46;46;3;3
2007;00938X0025/FD1;1;0;0;184;184;0;0
2007;00945X0013/P1;3;0,137;0,177;53;184;1;2
2007;00946X0035/F3;1;0;0;184;184;0;0
2007;00955X0007/C1;2;0,1345;0,196;184;184;2;3
2007;00955X0050/F1;2;0;0;93;184;0;0
2007;00978X0011/C1;3;0,016666667;0,05;93;184;0;1
2007;00983X0193/F;10;0;0;60;184;0;0
2007;00986X0085/S;9;0;0;183;184;0;0
2007;00991X0128/F2;3;0;0;84;184;0;0
2007;00994B0114/F;9;0,164333333;1,329;184;184;0;4
2007;00996X0002/PC;10;0,0452;0,159;60;184;0;1
2007;01001B0153/HY;2;0;0;184;184;0;0
2007;01005K0047/F1;4;0,03075;0,075;84;184;0;2
2007;01007X0115/F;1;0;0;184;184;0;0
2007;01025X0047/F;3;0;0;55;184;0;0
2007;01031X0056/P.AEP;1;0;0;184;184;0;0
2007;01035X0030/F;1;0;0;184;184;0;0
2007;01044X0155/P;3;0,120666667;0,13;55;184;2;2
2007;01045X0038/F;2;0;0;184;184;0;0
2007;01051X0032/P;1;0;0;184;184;0;0
2007;01052X0003/P;2;0;0;184;184;0;0
2007;01053X0004/P;1;0,021;0,021;184;184;1;1
2007;01056X0108/HY;2;0,0265;0,053;184;184;0;1
2007;01066X0101/P;2;0;0;184;184;0;0
2007;01068X0211/F;2;0;0;184;184;0;0
2007;01076X1005/SAEP;2;0,06;0,07;184;184;1;1
2007;01078X0001/PAEP;3;0,18;0,2;55;184;2;3
2007;01082X0014/PAEP;2;0,46;0,92;184;184;0;1
2007;01084X0018/F;3;0,02;0,06;53;184;0;2
2007;01092X0009/PAEP;2;0,065;0,13;184;184;0;1
2007;01092X0017/SAEP;2;0,21;0,27;184;184;1;1
2007;01093X0005/PAEP;2;0;0;53;184;0;0
2007;01103X0065/FE2;2;0;0;53;184;0;0
2007;01105X0109/P2;2;0;0;184;184;0;0
2007;01112X0010/P1;3;0;0;103;118;0;0
2007;01113X0008/HY;6;0,456666667;0,58;103;108;2;4
2007;01114X0044/HY;6;0,048333333;0,08;103;108;0;2
2007;01115X0110/F;2;0,35;0,35;2;46;2;2
2007;01116X0086/HY;1;0,49;0,49;46;46;2;2
2007;01116X0098/HY;6;0;0;103;108;0;0
2007;01117X0120/SCE;6;0,215;0,83;103;108;0;3
2007;01121X0011/HY;2;0,345;0,36;2;2;2;2
2007;01123X0013/HY;7;0,215714286;0,33;46;108;2;4
2007;01124X0026/HY;7;0,16;0,33;46;108;0;5
2007;01131X0008/F;6;0;0;103;108;0;0
2007;01131X0045/HY;6;0,001666667;0,01;103;108;0;1
2007;01131X0046/HY;6;0,131666667;0,32;103;108;1;4
2007;01141X0015/F;1;0;0;43;43;0;0
2007;01143X0019/P1;3;0;0;103;108;0;0
2007;01144X0004/S;2;0,115;0,19;103;108;1;2
2007;01144X0015/HY;6;1,28;1,98;103;108;1;4
2007;01144X0019/HY;6;0,29;0,96;102;108;0;3
2007;01145X0021/F;3;0;0;103;108;0;0
2007;01168X0005/F1;4;0,09975;0,11;53;184;1;1
2007;01168X0034/F1;3;0;0;53;184;0;0
2007;01172X0010/F;4;0,13775;0,212;2;184;0;3
2007;01172X0066/F2;3;0,106333333;0,18;53;184;1;3
2007;01176X0004/P;4;0,26225;0,32;53;184;2;3
2007;01178X0009/FD1;3;0,133333333;0,23;53;184;0;1
2007;01183X0075/F1;6;0,444333333;0,54;91;184;3;5
2007;01184X0027/C1;3;0,080333333;0,09;93;184;1;1
2007;01184X0051/F2;3;0,279;0,33;93;184;2;3
2007;01185X0010/C1;2;0,039;0,078;184;184;0;1
2007;01188X0018/F2;2;0;0;184;184;0;0
2007;01191X0239/F;2;0;0;184;184;0;0
2007;01193X0187/F2;2;0;0;184;184;0;0
2007;01194X0157/F2;6;0,129666667;0,22;38;184;1;3
2007;01196X0042/C4;3;0,609333333;1,474;2;184;0;5
2007;01204X0045/FE1;1;0,131;0,131;184;184;2;2
2007;01205X0109/F6;6;0,117;0,31;40;184;0;3
2007;01205X0135/C1;14;0,212285714;0,29;53;184;2;4
2007;01206X0146/FB1;1;0;0;184;184;0;0
2007;01213X0250/FP1;1;0;0;184;184;0;0
2007;01215X0040/C1;2;0,1225;0,145;184;184;2;2
2007;01215X0103/C1;6;0,019333333;0,06;38;184;0;1
2007;01224X0003/S;9;0,007222222;0,065;184;184;0;1
2007;01228X0001/S;9;0,023555556;0,118;184;184;0;2
2007;01233X0010/S;10;0,0075;0,073;60;184;0;2
2007;01241X0314/F;3;0,02;0,06;60;184;0;1
2007;01242X0521/F1.AEP;9;0,010555556;0,075;183;184;0;2
2007;01243X0030/P;2;0,14;0,187;184;184;2;3
2007;01251X0045/F;2;0;0;182;182;0;0
2007;01253X0082/F;2;0,037;0,074;182;182;0;1
2007;01254X0070/F;3;0,006666667;0,02;60;184;0;1
2007;01254X0257/P;3;0,165666667;0,19;55;184;2;3
2007;01258X0072/F;2;0,3345;0,389;184;184;3;3
2007;01262X0009/P;2;0;0;184;184;0;0
2007;01263X0055/P;2;0;0;184;184;0;0
2007;01273X0031/HY;1;0,286;0,286;184;184;3;3
2007;01275X0016/P;2;0,1855;0,224;184;184;2;2
2007;01277X0181/F;2;0;0;184;184;0;0
2007;01277X0223/P.CLIN;2;0,0345;0,043;184;184;1;2
2007;01282X0165/F;3;0;0;55;184;0;0
2007;01288X0039/HY;2;0;0;184;184;0;0
2007;01293X0021/F;1;0;0;184;184;0;0
2007;01294X0052/HY;2;0;0;184;184;0;0
2007;01296X0033/HY;2;0,138;0,225;184;184;1;2
2007;01296X0064/P;2;0,249;0,337;184;184;2;2
2007;01306X0044/HY;2;0,105;0,13;181;184;1;1
2007;01306X0070/HY;1;0,27;0,27;184;184;1;1
2007;01307X0117/SCE;2;0,025;0,05;181;184;0;1
2007;01308X0089/P;2;0;0;184;184;0;0
2007;01312X0084/F1AEP;1;0;0;184;184;0;0
2007;01318X0002/SAEP;3;0,06;0,08;53;184;1;1
2007;01318X0042/SAEP;1;0;0;53;53;0;0
2007;01321X0011/FAEP;3;0,283333333;0,5;55;184;3;3
2007;01323X0005/FAEP;2;0;0;184;184;0;0
2007;01326X0041/FAEP;2;1,03;1,14;184;184;8;8
2007;01327X0055/PAEP86;2;0,43;0,53;184;184;5;6
2007;01332X1010/F;3;0;0;53;184;0;0
2007;01334X0010/SAEP;3;0,056666667;0,17;53;184;0;1
2007;01335X0001/FAEP;2;0;0;184;184;0;0
2007;01344X1002/HY;2;0,695;1,2;184;184;1;3
2007;01354X0069/HY;6;0,081666667;0,13;103;108;1;2
2007;01354X0153/F1;4;0,0475;0,09;45;108;0;2
2007;01355X0261/F;3;0;0;46;184;0;0
2007;01356X0099/HY;3;0,09;0,12;45;184;1;2
2007;01358X0201/F;5;0,084;0,15;46;108;1;2
2007;01363X0007/HY;6;0,07;0,14;103;108;0;3
2007;01372X0064/HY;3;0,156666667;0,39;103;108;0;2
2007;01372X0196/EX;1;0,05;0,05;108;108;1;1
2007;01374X0017/HY;6;0;0;103;108;0;0
2007;01377X0063/HY;6;0,036666667;0,12;103;108;0;2
2007;01381X0099/P12;3;0,053333333;0,1;103;108;0;3
2007;01385X0059/PC;5;0,01;0,03;43;108;0;2
2007;01392X0054/F;3;0,01;0,02;43;108;0;2
2007;01392X0089/HY;2;0,005;0,01;103;108;0;1
2007;01396X0142/F2;2;0,015;0,03;103;108;0;1
2007;01398X0030/27;2;0;0;103;108;0;0
2007;01406X0012/405;3;0;0;43;108;0;0
2007;01424X0021/HYD;2;0,0805;0,161;184;184;0;2
2007;01436X0017/C1;2;0;0;184;184;0;0
2007;01456X0022/F;2;0;0;184;184;0;0
2007;01462X0132/C1;2;0,162;0,182;184;184;3;3
2007;01465X0087/PS3;2;0,5225;0,744;184;184;2;3
2007;01468X0046/FE3-94;3;0;0;93;184;0;0
2007;01474X0052/P1;2;0,0105;0,021;184;184;0;1
2007;01477X0018/C1;2;0;0;184;184;0;0
2007;01482X0001/F;3;0;0;60;184;0;0
2007;01483X0040/PC;10;0,0288;0,182;60;184;0;2
2007;01485X0010/C1;2;0;0;184;184;0;0
2007;01493X0016/F2;3;0,04;0,081;60;184;0;2
2007;01497X0014/SO;9;0,159777778;1,251;183;184;0;3
2007;01501X0072/F2-94;2;0;0;184;184;0;0
2007;01502X0003/F;10;0,1084;0,212;60;184;2;3
2007;01504X0085/S;2;0,7945;0,917;184;184;2;2
2007;01505X0005/F;2;0;0;184;184;0;0
2007;01506X0043/F1;3;0,009666667;0,029;60;184;0;1
2007;01508X0002/F;3;0,125666667;0,176;60;184;1;2
2007;01511X0036/F;2;0;0;184;184;0;0
2007;01511X0187/F;1;0;0;191;191;0;0
2007;01511X0192/F;3;0;0;60;184;0;0
2007;01513X0029/F3;2;0,221;0,233;184;184;2;2
2007;01515X0003/HY3;4;0;0;9;184;0;0
2007;01516X0115/F2;1;0;0;184;184;0;0
2007;01517X0025/P1;2;0,13;0,136;184;184;2;2
2007;01517X0088/F5;4;0,19725;0,236;9;184;2;3
2007;01518X0153/HY3;3;0,093333333;0,119;118;184;1;2
2007;01522X0053/HY;2;0,109;0,11;184;184;2;2
2007;01525X0007/A6;3;0,051;0,066;75;184;1;1
2007;01526X0063/F;3;0,226;0,29;48;184;2;3
2007;01528X0112/P3;2;0,0235;0,024;184;184;1;1
2007;01531X0092/P;2;0;0;184;184;0;0
2007;01531X0096/P5;3;0,021;0,063;48;184;0;1
2007;01532X0113/F1;2;0;0;184;184;0;0
2007;01536X0030/P;2;0,033;0,066;182;182;0;1
2007;01541X0050/P1;2;0;0;184;184;0;0
2007;01544X1029/P2;3;0;0;29;184;0;0
2007;01546X0065/F;3;0,013;0,039;29;184;0;1
2007;01555X0067/F;2;0;0;184;184;0;0
2007;01557X0004/P1;2;0,1295;0,142;182;182;1;2
2007;01561X0135/P;1;0,12;0,12;184;184;1;1
2007;01566X0131/SCE;2;5,22;5,7;184;184;3;9
2007;01571X0134/F2;2;0,505;0,66;184;184;1;2
2007;01573X0013/SAEP;2;0,27;0,46;184;184;1;4
2007;01573X0061/SAEP;2;0,17;0,2;184;184;2;3
2007;01573X0147/P0;3;1,836666667;2,19;55;184;7;9
2007;01578X0002/SAEP;2;0,1;0,13;53;184;1;2
2007;01578X0012/SAEP;2;0,135;0,17;184;184;2;2
2007;01584X0002/FAEP;2;0,885;1,26;184;184;4;4
2007;01591X0002/PAEP;2;0,065;0,13;184;184;0;1
2007;01593X0003/FAEP;2;0;0;184;184;0;0
2007;01596X0001/PAEP;2;0,04;0,08;184;184;0;2
2007;01602X0007/PAEP1;2;0,055;0,11;184;184;0;2
2007;01604X1015/3;1;0;0;184;184;0;0
2007;01605X0002/FAEP;3;0;0;55;184;0;0
2007;01608X0026/FAEP;1;0,04;0,04;184;184;1;1
2007;01612X0002/SCE;4;0,205;0,37;2;184;1;3
2007;01612X0096/HY;2;0,025;0,05;184;184;0;1
2007;01615X0001/HY;2;0,235;0,27;184;184;3;3
2007;01621X0011/HY;7;0,035714286;0,05;46;108;1;2
2007;01625X0078/SCE;5;0,456;0,8;103;108;1;2
2007;01626X0010/HY;6;0,013333333;0,06;103;108;0;1
2007;01627X0014/HY;1;0,29;0,29;46;46;2;2
2007;01633X0021/HY;7;0,062857143;0,17;43;108;0;2
2007;01636X0036/F;6;0,1;0,6;103;108;0;1
2007;01638X0033/F1;3;0,006666667;0,02;103;108;0;1
2007;01641X0080/P1;2;0;0;43;43;0;0
2007;01644X0013/F;3;0,136666667;0,18;103;108;2;3
2007;01652X0127/F3;2;0,065;0,13;43;108;0;1
2007;01658X0038/F;1;0;0;108;108;0;0
2007;01664X0007/F5;1;0;0;108;108;0;0
2007;01671X0013/HY;3;0;0;103;108;0;0
2007;01675X0002/F;1;0;0;108;108;0;0
2007;01677X0023/HY;2;0;0;103;108;0;0
2007;01687X0012/SUP;3;0;0;28;108;0;0
2007;01687X0022/F1;2;0,005;0,01;103;108;0;1
2007;01695X0009/F1;2;0;0;103;108;0;0
2007;01707X0007/P1;2;0,05;0,05;271;273;1;1
2007;01716X0028/HY;2;0,035;0,04;271;273;1;1
2007;01727X0024/P2;3;0;0;93;184;0;0
2007;01733X0003/C2;5;0,0134;0,067;184;184;0;1
2007;01734X0005/C1;2;0;0;184;184;0;0
2007;01736X0025/NP1;3;0,043333333;0,12;93;184;0;1
2007;01744X0010/F1;6;0;0;2;184;0;0
2007;01745X0026/C1;2;0;0;184;184;0;0
2007;01751X0015/F2;2;0;0;184;184;0;0
2007;01753X0009/C1;2;0,039;0,078;182;184;0;1
2007;01756X0011/F2;5;0,1156;0,209;184;184;0;1
2007;01764X0013/C1;2;0,205;0,22;184;184;2;2
2007;01767X0014/C1;2;0,3955;0,453;184;184;2;2
2007;01773X0017/C3;3;0;0;93;184;0;0
2007;01775X0012/C1;2;0,095;0,156;184;184;1;2
2007;01782X0087/F;9;0,008444444;0,039;183;184;0;1
2007;01784X0003/PC;9;0,006333333;0,057;183;184;0;1
2007;01785X0003/P1;2;0,027;0,054;184;184;0;1
2007;01798X0006/P;6;0;0;183;184;0;0
2007;01808X2003/HY;2;0,1315;0,132;184;184;2;2
2007;01812X0006/F;2;0;0;117;184;0;0
2007;01815X0008/F;2;0;0;63;184;0;0
2007;01821X0012/HY;2;0,33;0,352;184;184;2;2
2007;01821X0066/F;2;0,105;0,12;184;184;2;2
2007;01822X0005/S1;2;0,1785;0,202;184;184;2;3
2007;01823X0061/HY;2;0;0;184;184;0;0
2007;01824X0031/F3;2;0;0;118;184;0;0
2007;01824X0177/F1;2;0,019;0,038;184;184;0;1
2007;01824X0184/P9;3;0,062;0,133;75;184;0;2
2007;01825X0106/P3;2;0;0;182;182;0;0
2007;01832B0065/F1;2;0;0;184;184;0;0
2007;01832B0141/F2;4;0,0185;0,054;75;184;0;1
2007;01832B0415/F3BIS;1;0;0;184;184;0;0
2007;01832B0483/PZ2;2;0,278;0,492;184;184;2;5
2007;01832C0336/B1;2;0;0;76;184;0;0
2007;01833C1562/PZPB;1;0;0;184;184;0;0
2007;01848X0009/P;8;0,286875;0,454;1;184;0;2
2007;01858X0011/P1;9;0,118222222;0,19;1;184;0;3
2007;01864X1012/SCE;2;0,27;0,32;184;184;1;2
2007;01865X0003/F1;3;0,166333333;0,34;29;184;0;3
2007;01868X0057/PAEP;2;0,215;0,22;53;184;2;3
2007;01871X0063/FR;3;0,633333333;0,96;53;184;2;3
2007;01875X0002/SR;1;0,44;0,44;184;184;3;3
2007;01876X0002/SAEP2;2;0,325;0,39;184;184;2;2
2007;01877X0029/SAEP;1;0,26;0,26;181;181;2;2
2007;01878X0028/FAEP1;2;0;0;184;189;0;0
2007;01878X0032/PAEP2;2;0,29;0,44;55;184;3;7
2007;01882X0020/P;2;0;0;184;184;0;0
2007;01884X0023/FAEP;2;0;0;184;184;0;0
2007;01892X0008/PU;2;2,065;4,02;184;184;1;3
2007;01898X0020/PAEP;3;0;0;55;184;0;0
2007;01905X0024/PAEP;2;0,035;0,07;184;184;0;1
2007;01907X0016/FAEP;2;0,035;0,04;184;184;1;1
2007;01907X0020/FAEP;1;0;0;184;184;0;0
2007;01907X0048/SERMF1;2;0;0;184;184;0;0
2007;01908X0043/F2;2;0;0;46;184;0;0
2007;01913X0013/F;2;0,015;0,03;184;184;0;1
2007;01915X0041/F1;2;0,115;0,15;184;184;1;2
2007;01916X0013/HY;3;0,213333333;0,38;46;184;1;4
2007;01917X0003/HY;2;0;0;184;184;0;0
2007;01922X0006/F;2;0,03;0,06;103;108;0;1
2007;01925X0020/SCE;6;0,231666667;1,11;103;108;1;5
2007;01927X0005/HY;2;0,415;0,44;2;46;2;2
2007;01936X0019/HY;6;0,066666667;0,13;103;108;0;3
2007;01937X0032/HY;6;0,005;0,03;103;108;0;1
2007;01938X0055/HY;1;0;0;46;46;0;0
2007;01938X0105/P2;4;0,0625;0,12;46;108;0;2
2007;01944X0002/F;2;0,185;0,23;103;108;3;3
2007;01945X0052/HY;5;0;0;103;108;0;0
2007;01957X0037/F;2;0;0;43;108;0;0
2007;01957X0045/HY;1;0,06;0,06;108;108;1;1
2007;01967X0001/F;3;0;0;103;108;0;0
2007;01987X0072/F2B;3;0;0;28;108;0;0
2007;01987X0117/F;2;0,02;0,02;103;108;1;1
2007;01991X0079/F;2;0,945;1,31;103;108;4;6
2007;01992X0071/F;3;0,063333333;0,09;6;29;1;2
2007;01993X0129/F;2;0,175;0,2;103;108;1;2
2007;01996X0023/F;2;0,07;0,08;103;108;1;2
2007;01996X0168/F2;4;0,095;0,12;6;29;1;1
2007;02016X0036/P1;3;0,03;0,05;18;273;0;1
2007;02025X0004/HY;2;0;0;271;273;0;0
2007;02026X0028/F1;1;0,11;0,11;274;274;1;1
2007;02028X0015/P1;2;0;0;271;273;0;0
2007;02032X0043/PUITS;4;0,21625;0,3;3;273;0;2
2007;02042X0021/HY;2;0;0;271;273;0;0
2007;02048X0053/P1;5;0,114;0,135;18;273;1;1
2007;02084X0014/HY;3;0,013333333;0,04;93;184;0;1
2007;02091X0002/S2;2;0;0;184;184;0;0
2007;02093X0004/S6;5;0;0;183;184;0;0
2007;02097X0010/C1;3;0;0;93;184;0;0
2007;02098X0021/C1;2;0;0;184;184;0;0
2007;02102X0024/S6;3;0,013333333;0,04;93;184;0;1
2007;02104X0036/C3;3;0;0;93;184;0;0
2007;02105X0012/C1-C2;3;0,01;0,03;93;184;0;1
2007;02106X0018/C2;2;0;0;184;184;0;0
2007;02111X0017/C1;2;0;0;184;184;0;0
2007;02116X0002/CA;2;0,02;0,04;271;273;0;1
2007;02121X0020/F1;2;0,048;0,06;184;184;1;1
2007;02123X0018/S6-DDA;2;0,0745;0,149;184;184;0;3
2007;02131X0017/F1;3;0;0;93;184;0;0
2007;02133X0012/F-AEP9;2;0;0;184;184;0;0
2007;02134X0005/C1;2;0,112;0,162;184;184;1;2
2007;02137X0011/S1;2;0,0375;0,075;184;184;0;1
2007;02143X0031/F1;3;0,036666667;0,11;93;184;0;1
2007;02153X0026/P;3;0;0;60;184;0;0
2007;02165X0020/PFAEP;2;0;0;184;184;0;0
2007;02168X0002/PFAEP;3;0,071333333;0,11;62;184;1;2
2007;02173X0023/RB0008;2;0;0;184;184;0;0
2007;02176X0019/S;2;0,0405;0,081;184;184;0;1
2007;02183X0039/F1;2;0;0;184;184;0;0
2007;02183X0124/F1;1;0;0;184;184;0;0
2007;02184X0001/SP;2;0;0;184;184;0;0
2007;02185X0059/F;3;0,182666667;0,242;118;184;2;2
2007;02186X0040/REC;2;0;0;184;184;0;0
2007;02191X0003/F;2;0;0;114;184;0;0
2007;02198X0059/HY;2;0,25;0,347;184;184;2;4
2007;02201X0072/F2;2;0,159;0,202;184;184;2;2
2007;02204X0020/F2;2;0,1325;0,15;29;184;2;2
2007;02205X0098/P10;3;0,517666667;0,537;75;184;3;4
2007;02207X0029/F;9;0,077888889;0,168;1;182;0;3
2007;02208X0005/HY;8;0,0865;0,208;1;184;0;3
2007;02222X0019/F1;8;0,20025;0,446;1;184;0;3
2007;02226X0009/F1;8;0,299875;0,491;1;184;0;4
2007;02231X0010/FAEP;4;0,505;0,6;12;184;2;3
2007;02237X0020/P;1;0,68;0,68;184;184;2;2
2007;02241X0006/PAEP;2;0;0;184;184;0;0
2007;02247X0001/FAEP1;5;0,072;0,36;35;184;0;1
2007;02251X0001/FAEP;4;0,09;0,36;184;184;0;1
2007;02254X0001/FAEP;1;0;0;184;184;0;0
2007;02257X0018/F1;1;0,25;0,25;184;184;1;1
2007;02261X0080/F2;1;0;0;184;184;0;0
2007;02262X0013/SAEP;2;0,175;0,2;184;184;1;2
2007;02262X0044/SAEP;2;0,115;0,12;184;184;1;1
2007;02264X1009/P;2;0,18;0,18;184;184;2;2
2007;02265X0011/FAEP;2;0,045;0,09;184;184;0;2
2007;02267X0032/PAEP;2;0,087;0,174;54;184;0;2
2007;02268X0079/CHANC1;3;0,21;0,26;54;184;2;3
2007;02273X0010/HY;2;0;0;184;184;0;0
2007;02273X0013/HY;3;0;0;46;184;0;0
2007;02275X0026/HY;3;0,056666667;0,13;46;184;0;2
2007;02275X0074/F;1;0;0;184;184;0;0
2007;02282X0005/HY;6;0;0;103;108;0;0
2007;02283X0005/F;4;0,0575;0,07;46;108;1;2
2007;02287X0013/HY;6;0,048333333;0,16;102;108;0;3
2007;02292X0044/F3;6;0;0;103;108;0;0
2007;02294X0014/HY;6;0;0;103;108;0;0
2007;02296X0013/PR2;4;0,0125;0,03;45;108;0;1
2007;02296X0021/HY;6;0,086666667;0,19;103;108;0;4
2007;02298X0021/HY;6;0;0;103;108;0;0
2007;02306X0113/F;1;0;0;108;108;0;0
2007;02311X0017/F;2;0;0;46;108;0;0
2007;02318X0008/F;1;0;0;108;108;0;0
2007;02323X0049/F;2;0;0;43;108;0;0
2007;02331X0007/F;2;0;0;103;108;0;0
2007;02332X0076/HY;2;0;0;103;108;0;0
2007;02336X0007/HY;2;0;0;103;108;0;0
2007;02337X0114/P4;2;0;0;103;108;0;0
2007;02338X0062/SCE;2;0,05;0,1;103;108;0;2
2007;02341X0046/F6;1;0,2;0,2;28;28;2;2
2007;02342X0013/P3;4;0,0325;0,09;6;108;0;2
2007;02343X0022/F2;1;0;0;28;28;0;0
2007;02343X0023/F3;1;0,09;0,09;28;28;1;1
2007;02344X0021/F;2;0,435;0,82;103;108;2;4
2007;02344X0148/P2;1;0,04;0,04;6;6;1;1
2007;02344X0154/F1-EST;1;0;0;28;28;0;0
2007;02346X0016/F;2;0;0;103;108;0;0
2007;02347X0021/F;2;0,01;0,02;103;108;0;2
2007;02347X0026/F;3;0,073333333;0,09;28;108;1;3
2007;02381X0006/PE;3;0,13;0,16;4;273;1;2
2007;02386X0065/S3;2;0,12;0,14;271;273;1;2
2007;02393X0030/HY;2;0,06;0,07;271;273;1;1
2007;02397X0006/F28;1;0,03;0,03;274;274;1;1
2007;02402X0008/C8;2;0,02;0,04;271;273;0;1
2007;02408X0017/HY;2;0;0;271;273;0;0
2007;02414X0023/P1;1;0,04;0,04;273;273;1;1
2007;02414X0026/P1;2;0,21;0,42;271;273;0;2
2007;02425X0026/P1;2;0,045;0,05;271;273;1;1
2007;02447X0057/P1;1;0,13;0,13;274;274;2;2
2007;02452X0042/P1;2;0;0;271;273;0;0
2007;02462X0038/F;2;0;0;271;273;0;1
2007;02467X0007/HY;2;0;0;271;273;0;0
2007;02472X0025/C1;5;0,0068;0,034;184;184;0;1
2007;02472X0073/P;3;0,023;0,069;93;184;0;1
2007;02473X0014/C1;2;0;0;184;184;0;0
2007;02474X0010/C1;3;0;0;93;184;0;0
2007;02477X0076/HY;2;0;0;271;273;0;0
2007;02504X0002/C1;2;0;0;271;273;0;0
2007;02506X0008/P;2;0;0;271;273;0;0
2007;02521X0002/F;1;0;0;179;179;0;0
2007;02522X0003/S1;2;0,355;0,38;174;179;3;3
2007;02524X0010/C1;2;0,085;0,09;174;179;1;1
2007;02527X0003/F;3;0,036666667;0,05;93;179;1;1
2007;02534X0007/F;1;0;0;184;184;0;0
2007;02548X0037/FAEP;2;0,0625;0,125;184;294;0;2
2007;02562X0031/P1;1;0,17;0,17;184;184;2;2
2007;02565X0001/P2;1;0,567;0,567;184;184;5;5
2007;02566X0035/F1;2;0;0;184;184;0;0
2007;02574X0108/F1;1;0;0;184;184;0;0
2007;02578X0042/P2;2;0;0;184;184;0;0
2007;02581X0043/P1;1;0,239;0,239;184;184;3;3
2007;02581X0094/F3;10;0,2284;0,416;1;184;0;3
2007;02586X0056/F1;2;0;0;29;182;0;0
2007;02586X0069/P3;2;0,236;0,264;182;184;3;4
2007;02588X0013/HY1;8;0,335875;0,557;1;184;0;3
2007;02588X0024/F2;4;0,11875;0,166;184;184;1;3
2007;02593X0008/P1;2;0,854;0,91;29;182;3;3
2007;02594X0011/F1;1;0,507;0,507;182;182;5;5
2007;02594X0052/P1;3;0,137666667;0,159;11;182;1;3
2007;02597X0010/S1;8;0,124;0,257;1;184;0;2
2007;02598X0009/P1;3;0,375;0,39;29;182;2;2
2007;02601X0025/S1;3;0,497;0,514;75;184;3;5
2007;02604X0068/PAEP;2;0,03;0,06;184;184;0;1
2007;02605X0154/P1;3;0;0;29;184;0;0
2007;02611X1016/F2;2;0,135;0,16;184;184;2;2
2007;02613X0071/PUITS;2;0,11;0,22;53;184;0;1
2007;02614X0019/PAEP;2;0,13;0,14;184;184;1;1
2007;02617X0030/FAEP2;2;0;0;184;184;0;0
2007;02618X0004/PAEP;2;0,025;0,05;184;184;0;1
2007;02621X0008/PAEP;3;0;0;35;184;0;0
2007;02623X0012/PU36;2;0,155;0,17;184;184;1;1
2007;02624X0023/F1;2;0,06;0,07;184;184;1;1
2007;02625X0006/PAEP;2;0,1;0,2;184;184;0;2
2007;02628X0009/FAEP;2;0,15;0,3;184;184;0;3
2007;02635X0005/PAEP;4;0,06;0,08;2;184;0;1
2007;02636X0011/PAEP;3;0;0;35;184;0;0
2007;02637X0008/PAEP;1;0,1;0,1;184;184;1;1
2007;02645X0030/FAEP2;1;0;0;184;184;0;0
2007;02648X0024/SAEP;2;0,35;0,43;184;184;2;4
2007;02648X0027/SAEP;1;0;0;184;184;0;0
2007;02654X0006/F3;2;0;0;184;184;0;0
2007;02655X0028/P.AEP;2;0;0;184;184;0;0
2007;02656X0010/PAEP;2;0,003;0,006;184;184;0;1
2007;02657X0005/SAEP;2;0;0;184;184;0;0
2007;02657X0030/F2;2;0,02;0,04;184;184;0;1
2007;02661X0027/F;2;0;0;184;184;0;0
2007;02662X0009/F;3;0;0;46;184;0;0
2007;02663X0005/HY;6;0,046666667;0,11;103;108;0;3
2007;02664X0005/F1;4;0,0525;0,07;46;108;1;2
2007;02672X0035/F;6;0,021666667;0,12;103;108;0;2
2007;02673X0017/HY;1;0,11;0,11;44;44;1;1
2007;02677X0023/HY;5;0;0;103;108;0;0
2007;02684X0018/HY;1;0,08;0,08;44;44;1;1
2007;02684X0044/P2;3;0;0;103;108;0;0
2007;02691X0006/F3;3;0;0;103;108;0;0
2007;02691X0043/F;1;0;0;108;108;0;0
2007;02697X0035/F2;2;0,23;0,46;46;108;0;4
2007;02701X0016/F;2;0;0;44;108;0;0
2007;02703X0041/HY;2;0;0;103;108;0;0
2007;02704X0002/S;2;0;0;103;108;0;0
2007;02706X0055/HY;2;0;0;103;108;0;0
2007;02707X0030/HY;2;0;0;103;108;0;0
2007;02708X0021/HY;2;0;0;103;108;0;0
2007;02712X0006/HY;2;0;0;103;108;0;0
2007;02714X0002/F;1;0;0;3;3;0;0
2007;02714X0061/F3;3;0,136666667;0,17;28;108;1;4
2007;02717X0017/S8;2;0,015;0,03;103;108;0;2
2007;02717X0041/AMONT;2;0;0;103;108;0;0
2007;02721X0021/F;2;0,01;0,02;103;108;0;1
2007;02721X0060/P2;2;0,105;0,14;103;108;2;2
2007;02722X0152/F;2;0,055;0,08;103;108;2;2
2007;02725X0001/F;2;0;0;103;108;0;0
2007;02726X0002/F;6;0,015;0,09;1;108;0;3
2007;02754X0001/HY;2;0,03;0,06;271;273;0;1
2007;02791X0053/HY;2;0;0;271;273;0;0
2007;02793X0044/P1;2;0;0;271;273;0;0
2007;02808X0017/HY;2;0;0;271;273;0;0
2007;02822X0004/P1;2;0,015;0,03;271;273;0;1
2007;02827X0013/P;2;0,045;0,09;271;273;0;1
2007;02832X0009/P;2;0,045;0,05;271;273;1;1
2007;02855X0005/P;2;0,055;0,06;271;273;1;1
2007;02855X0008/P5;2;0;0;271;273;0;0
2007;02865X0001/P;2;0;0;271;273;0;0
2007;02877X0003/F;7;1,24;1,75;41;179;3;7
2007;02883X0010/C1;2;0,11;0,14;174;179;1;2
2007;02906X0004/FAEP;2;0,025;0,05;174;179;0;2
2007;02915X0003/PFAEP;4;0,335;0,74;51;179;2;3
2007;02923X0036/F;3;0,157333333;0,194;114;182;3;3
2007;02925X0002/F;3;0,060666667;0,125;63;295;0;2
2007;02936X5008/F1;1;0;0;182;182;0;0
2007;02944X0031/P16;3;0,091333333;0,163;65;184;1;2
2007;02948X0072/F1;3;0,126666667;0,225;29;184;0;2
2007;02951X0079/F;2;0,1065;0,114;184;184;3;3
2007;02952X0154/F2;3;0,030333333;0,091;29;184;0;2
2007;02953X0108/F;2;0,0555;0,111;184;184;0;1
2007;02954X0058/P1;3;0,016666667;0,05;29;184;0;1
2007;02954X1001/F;2;0,1;0,2;184;184;0;2
2007;02958X0112/AEP;2;0;0;184;184;0;0
2007;02961X0001/P1;3;0;0;29;182;0;0
2007;02963X0006/FAEP;2;0,015;0,03;184;184;0;1
2007;02965X0001/PUITS;3;0,11;0,14;72;184;1;2
2007;02976X0017/FAEP;3;0,17;0,19;35;184;2;3
2007;02981X0056/FEXP;3;0;0;35;184;0;0
2007;02982X0012/PAEP;2;0,135;0,27;184;184;0;1
2007;02986X0099/PAEP;2;0,17;0,21;184;184;2;3
2007;02993X0112/P2;2;0;0;184;184;0;0
2007;02998X0035/PS2;2;0,045;0,09;184;184;0;1
2007;03004X0004/SAEP;3;0,19;0,2;54;184;2;2
2007;03008X0022/SAEPS;2;0;0;184;184;0;0
2007;03011X0004/PAEP;2;0;0;184;184;0;0
2007;03015X0004/PFAEP;2;0,02;0,04;184;184;0;1
2007;03018X0002/SAEP5;2;0,055;0,11;184;184;0;2
2007;03023X0007/HY;2;0;0;103;108;0;0
2007;03024X0024/D;6;0,05;0,16;103;108;0;3
2007;03024X0037/P;3;0,026666667;0,06;103;108;0;2
2007;03025X0032/SAEP2;6;0;0;103;108;0;0
2007;03028X0013/HY;6;0,001666667;0,01;103;108;0;1
2007;03031X0013/HY;6;0,04;0,07;103;108;1;2
2007;03032X0006/HY;1;0,24;0,24;46;46;2;2
2007;03032X0012/HY;6;0,293333333;0,43;103;108;2;3
2007;03042X0018/F;2;0;0;46;108;0;0
2007;03043X0086/HY;3;0;0;103;108;0;0
2007;03044X0010/F;1;0,02;0,02;108;108;1;1
2007;03045X0020/F;1;0;0;108;108;0;0
2007;03048X0025/P2;3;0;0;103;108;0;0
2007;03057X0004/HY;2;0;0;103;108;0;0
2007;03061X0055/HY;2;0;0;103;108;0;0
2007;03062X0113/F1;2;0;0;103;108;0;0
2007;03064X0029/HY;2;0;0;103;108;0;0
2007;03065X0050/HY;2;0;0;103;108;0;0
2007;03066X0003/PB;4;0;0;46;108;0;0
2007;03074X0002/F;3;0,126666667;0,21;6;108;0;3
2007;03077X0007/P1;1;0;0;103;103;0;0
2007;03077X0097/F;10;0;0;1;108;0;0
2007;03081X0045/F2;2;0;0;103;108;0;0
2007;03081X0077/F3;2;0;0;103;108;0;0
2007;03082X0001/F;4;0,0825;0,1;9;29;1;2
2007;03101X0016/P1;2;0;0;271;273;0;0
2007;03104X0007/HY;2;0,06;0,07;271;273;1;1
2007;03107X0011/HY;2;0;0;271;273;0;0
2007;03124X0072/P1;2;0,045;0,05;271;273;1;1
2007;03137X0023/P1;3;0,016666667;0,03;37;273;0;2
2007;03144X0044/HY;2;0,05;0,05;271;273;1;1
2007;03172X0001/P;2;0;0;271;273;0;0
2007;03205X0004/P;4;0,105;0,13;7;273;1;2
2007;03208X0013/P;3;0,026666667;0,04;13;273;0;1
2007;03211X0005/P;3;0;0;13;273;0;0
2007;03213X0006/SOURCE;3;0,002666667;0,008;43;273;0;1
2007;03226X0003/F;3;0;0;43;179;0;0
2007;03231X0010/F;3;0,13;0,17;43;179;1;2
2007;03234X0507/P1;1;0;0;179;179;0;0
2007;03241X0502/F;3;0,08;0,09;43;179;1;2
2007;03248X0012/F;4;0,045;0,09;174;295;0;2
2007;03254X0107/FAEP;3;0,14;0,16;63;179;2;2
2007;03272X0005/PF;4;0,30275;0,366;21;184;2;3
2007;03288X0042/P;2;0,612;0,774;184;184;4;4
2007;03292X0001/PF1;2;0,3095;0,443;184;184;3;3
2007;03292X0038/F1;1;0;0;184;184;0;0
2007;03295X1002/F;1;0;0;182;182;0;0
2007;03296X1032/PC1;2;0,1695;0,195;184;184;1;2
2007;03303X0010/F;1;0,22;0,22;72;72;2;2
2007;03303X0011/F;2;0,19;0,22;184;184;1;2
2007;03304X0008/AEP;4;0,145;0,26;72;184;0;2
2007;03307X0003/HY;3;0,47;0,55;73;184;3;4
2007;03313X0020/SOURCE;3;0,040333333;0,071;75;184;0;1
2007;03316X0032/SOURCE;3;0,056666667;0,07;73;184;1;1
2007;03323X0001/SAEP;2;0,046;0,092;184;184;0;1
2007;03325X1020/SOURCE;3;0;0;73;184;0;0
2007;03328X0023/SAEP;2;0,3;0,6;184;184;0;1
2007;03331X0025/25;3;0,143333333;0,18;35;184;1;2
2007;03333X0014/PAEP2;2;0,04;0,08;184;184;0;1
2007;03338X0008/S1;3;0,01;0,03;35;184;0;1
2007;03342X0002/PAEP1;2;0,04;0,08;184;184;0;2
2007;03347X0016/SAEP;2;0,365;0,48;184;184;1;3
2007;03351X0034/PAEP1;4;0,01;0,04;2;184;0;1
2007;03353X0029/SAEP1;2;0,565;1,13;184;184;0;2
2007;03356X0007/PAEP;2;0;0;184;184;0;0
2007;03357X0003/SAEP;2;0;0;184;184;0;0
2007;03366X0015/2PAEP;2;0;0;181;184;0;0
2007;03371X0002/SAEP;2;0;0;184;184;0;0
2007;03372X0031/SAEPI3;5;0,008;0,04;103;108;0;1
2007;03373X0043/SAEP1;6;0,085;0,14;103;108;1;2
2007;03374X0003/P;2;0;0;103;108;0;0
2007;03376X0014/SAEP1;6;0,06;0,11;103;108;1;3
2007;03384X0005/F;1;0;0;108;108;0;0
2007;03385X0003/F;1;0;0;108;108;0;0
2007;03386X0005/HY;2;0,045;0,09;1;44;0;1
2007;03386X0007/HY;3;0,036666667;0,07;103;108;1;2
2007;03394X0142/HY;2;0;0;103;108;0;0
2007;03403X0030/HY;2;0;0;103;108;0;0
2007;03408X0022/SCE;2;0;0;103;108;0;0
2007;03424X0020/MDP172;3;0,026666667;0,04;103;108;0;1
2007;03424X0084/F;2;0,08;0,15;103;108;1;2
2007;03426X0022/F;2;0,02;0,04;103;108;0;2
2007;03431X0013/F;6;0,031666667;0,07;6;108;0;2
2007;03453X0018/HY;3;0;0;18;273;0;0
2007;03454X0069/P1;4;0;0;18;273;0;0
2007;03466X0027/PE;3;0;0;18;273;0;0
2007;03468X0051/P1;3;0,043333333;0,13;18;273;0;2
2007;03474X0030/CAP;3;0,11;0,15;36;273;2;2
2007;03477X0011/HY;2;0,015;0,03;271;273;0;1
2007;03488X0025/P2;2;0;0;271;273;0;0
2007;03511X0004/P;2;0;0;271;273;0;0
2007;03531X0013/P;3;0,083333333;0,1;14;273;1;2
2007;03538X0005/P;2;0,02;0,04;271;273;0;1
2007;03556X0026/FEX;2;0;0;271;273;0;0
2007;03563X0025/F;3;0,093333333;0,18;13;273;0;2
2007;03577X0037/SECOUR;3;0,03;0,06;43;179;0;2
2007;03591X0033/P;2;0,03;0,06;174;179;0;1
2007;03591X0078/F;2;0;0;174;179;0;0
2007;03605X0503/SOURCE;2;0,285;0,33;174;179;2;4
2007;03605X0509/F;3;0;0;43;179;0;0
2007;03616X0003/FAEP;2;0;0;174;179;0;0
2007;03622X0001/FAEP;4;0,965;1,44;10;179;2;4
2007;03622X0090/FAEP;3;0;0;62;179;0;0
2007;03627X0002/FAEP;3;0,293333333;0,38;10;180;2;2
2007;03631X0002/FAEP;3;0;0;74;179;0;0
2007;03642X0094/F3;1;0;0;184;184;0;0
2007;03646X0086/F1;1;0;0;179;179;0;0
2007;03653X0150/F3AEP;3;0,554;0,6;74;184;3;3
2007;03661X0070/PAEP;3;0,186666667;0,22;74;184;2;2
2007;03666X0019/PAEP;2;0,048;0,096;184;184;0;1
2007;03674X0001/PUITS;2;0,045;0,09;184;184;0;1
2007;03675X0003/SOURCE;2;0,225;0,24;184;184;1;2
2007;03677X0006/FORAGE;2;0,12;0,2;184;184;1;1
2007;03677X0041/AEP;2;0,125;0,25;184;184;0;1
2007;03677X0056/F1;2;0;0;184;184;0;0
2007;03678X0055/AEP;2;0,18;0,24;184;184;1;2
2007;03681X0016/SN5;3;0;0;73;184;0;0
2007;03682X0036/AEP;3;0,25;0,27;73;184;1;3
2007;03688X1004/PUITS;3;0;0;73;184;0;0
2007;03691X0031/FAEPE4;2;0,0765;0,093;184;184;1;2
2007;03693X0005/SAEP;2;0,025;0,05;184;184;0;1
2007;03694X0011/PAEP;2;0;0;184;184;0;0
2007;03703X0003/S1;4;0,01;0,04;2;184;0;1
2007;03711X0001/AEP;3;0,013333333;0,04;36;184;0;1
2007;03713X0024/SAEP4;2;0;0;184;184;0;0
2007;03725X0003/SAEPBU;2;0,04;0,08;184;184;0;1
2007;03726X0045/SAEP;2;0;0;184;184;0;0
2007;03743X0036/F3;2;0;0;1;46;0;0
2007;03744X1009/S;1;0;0;1;1;0;0
2007;03752X0032/HY;1;0;0;1;1;0;0
2007;03762X0070/HY;2;0;0;103;108;0;0
2007;03766X0009/P1;3;0;0;103;108;0;0
2007;03773X0086/HY;2;0;0;103;108;0;0
2007;03775X0007/HY;2;0;0;103;108;0;0
2007;03781X0026/S;2;0,01;0,02;103;108;0;1
2007;03782X0191/F;2;0,075;0,11;103;108;1;2
2007;03783X0161/F;2;0,08;0,11;103;108;2;3
2007;03784X0016/F;2;0,08;0,1;103;108;3;3
2007;03786X0020/52A;2;0,045;0,07;103;108;2;3
2007;03787X0101/PMT;2;0,06;0,12;103;108;0;3
2007;03788X0067/F;2;0,065;0,08;103;108;2;3
2007;03812X0025/S1;2;0;0;271;273;0;0
2007;03838X0017/P;3;0,016666667;0,05;36;273;0;2
2007;03847X0004/P;3;0,016666667;0,03;36;273;0;1
2007;03853X0011/HY;2;0,02;0,04;271;273;0;1
2007;03855X0002/HY;2;0;0;271;273;0;0
2007;03861X0055/P1;3;0;0;36;273;0;0
2007;03878X0165/P3;3;0,016666667;0,03;13;273;0;1
2007;03885X0001/SOURC1;2;0;0;271;273;0;0
2007;03928X0051/F1;3;0,01;0,03;43;179;0;1
2007;03931X0005/SR;2;0;0;174;179;0;0
2007;03945X0010/SOURCE;2;0,12;0,12;174;179;2;2
2007;03947X0543/F4;2;0,055;0,11;174;179;0;2
2007;03951X0510/F;3;0;0;42;179;0;0
2007;03966X0002/FAEP;3;0,11;0,14;73;179;1;2
2007;03981X0140/F2AEP;2;0;0;174;179;0;0
2007;03991X0403/F;2;0,2;0,32;174;179;1;3
2007;03992X0268/F3;2;0;0;174;179;0;0
2007;03994X0081/FAEP;2;0;0;74;184;0;0
2007;03995X0035/F;2;0;0;174;179;0;0
2007;04004X0147/FAEP;1;0;0;184;184;0;0
2007;04005X0097/FAEP;1;0;0;180;180;0;0
2007;04017X0001/SOURCE;3;0,062;0,07;73;184;1;2
2007;04022X0053/F1;2;2,24;4,43;184;184;1;5
2007;04024X0004/PUITS;3;0;0;73;184;0;0
2007;04024X0082/PUITS;2;0;0;184;184;0;0
2007;04028X0046/SOURCE;2;0;0;184;184;0;0
2007;04032X0024/SOURCE;2;0,045;0,09;184;184;0;1
2007;04034X0006/AEP;3;0,016666667;0,05;73;184;0;1
2007;04035X0024/SOURCE;2;2,92;3,12;184;184;3;3
2007;04038X0004/AEP;2;0;0;184;184;0;0
2007;04041X0003/SOURCE;2;0,07;0,14;184;184;0;1
2007;04043X0003/SOURCE;2;0;0;184;184;0;0
2007;04051X0001/AEP;2;0,05;0,06;181;184;1;1
2007;04057X0007/HY;2;0,26;0,26;184;184;2;2
2007;04066X0014/AEP;3;0;0;36;184;0;0
2007;04073X0005/SO;2;0;0;184;184;0;0
2007;04074X0034/SAEP;1;0,12;0,12;2;2;2;2
2007;04075X0018/SAEP1;2;0;0;184;184;0;0
2007;04076X0008/SO;1;0;0;1;1;0;0
2007;04087X0018/SAEP8;1;0;0;1;1;0;0
2007;04102X0024/S;1;0;0;1;1;0;0
2007;04103X0068/PN;7;0;0;1;66;0;0
2007;04104X0033/S;1;0;0;1;1;0;0
2007;04113X0003/S;2;0;0;1;66;0;0
2007;04124X0059/F;2;0,095;0,17;103;108;1;3
2007;04128X0079/HY;3;0,276666667;0,3;103;108;3;5
2007;04131X0140/P4;2;0,12;0,16;103;108;3;4
2007;04132X0191/PMT;1;0;0;103;103;0;0
2007;04133X0001/F;2;0,355;0,46;103;108;3;4
2007;04134X0124/F;2;0,05;0,07;103;108;1;3
2007;04135X0063/P1;2;0,07;0,09;103;108;2;2
2007;04138X0149/P3;2;0,16;0,21;103;108;3;3
2007;04191X0010/P;2;0;0;271;273;0;0
2007;04222X0092/L24;2;0,1785;0,35;271;273;1;3
2007;04225X0050/P2;2;0,32;0,34;271;273;3;4
2007;04236X0027/SI-1;2;0,92;0,93;271;273;2;6
2007;04243X0012/F3;2;0,035;0,04;174;179;1;1
2007;04266X0008/FAEP;2;0,015;0,03;174;179;0;1
2007;04268X0006/HYAEP;2;0,245;0,32;174;179;3;3
2007;04278X0003/FAEP;2;0,255;0,27;174;179;3;3
2007;04286X0030/FAEP2;2;0;0;174;179;0;0
2007;04288X0023/F;6;0,606666667;1,22;10;179;3;8
2007;04288X0067/F;1;0,21;0,21;180;180;3;3
2007;04291X0068/P;2;0,105;0,12;174;179;1;2
2007;04293X0007/HY;2;0;0;174;179;0;0
2007;04295X0017/F3;4;0,1675;0,31;10;179;0;3
2007;04302X0101/F;2;0,085;0,12;174;179;1;1
2007;04318X0017/HYAEP;2;0;0;174;179;0;0
2007;04322X0012/F1AEP;2;0,075;0,1;174;179;1;1
2007;04332X0002/SOURCE;2;0,07;0,14;184;184;0;2
2007;04342X0032/AEP;3;0;0;73;184;0;0
2007;04343X0006/SOURCE;2;0,105;0,21;184;184;0;1
2007;04347X0003/SOURCE;2;0,105;0,12;184;184;1;1
2007;04352X0006/SOURCE;3;0;0;73;184;0;0
2007;04361X0004/SOURCE;2;0,18;0,36;184;184;0;2
2007;04365X0028/PUITS;3;0;0;73;184;0;0
2007;04373X0026/SOURCE;2;0,085;0,17;184;184;0;1
2007;04376X0002/PUITS;3;0;0;36;184;0;0
2007;04377X0029/SOURCE;2;0,2;0,4;184;184;0;2
2007;04381X0008/AEP;3;0,006666667;0,02;36;184;0;1
2007;04394X1001/S;1;0;0;66;66;0;0
2007;04407X0007/S;1;0,299;0,299;66;66;3;3
2007;04408X0013/P;1;0;0;66;66;0;0
2007;04413X0002/CN;2;0,085;0,17;1;376;0;3
2007;04417X0001/S;1;0;0;66;66;0;0
2007;04421X0017/S;6;0,108333333;0,57;376;377;0;7
2007;04424X0007/P2;1;0;0;1;1;0;0
2007;04424X0025/S;1;0;0;1;1;0;0
2007;04434X0007/S1;1;0;0;1;1;0;0
2007;04437X0012/S;7;0,145285714;0,3;331;377;1;4
2007;04446X0060/P;1;0,039;0,039;45;45;1;1
2007;04446X0061/P;9;0,012222222;0,04;1;377;0;2
2007;04447X0031/S4;2;0;0;1;45;0;0
2007;04448X0029/S1;3;0,006666667;0,02;103;108;0;1
2007;04448X0030/SI;3;0,036666667;0,05;103;108;1;2
2007;04451X0148/F;1;0,15;0,15;29;29;2;2
2007;04452X0006/HY;3;0,42;0,56;103;108;3;4
2007;04453X0002/F1;8;0,00375;0,02;4;108;0;1
2007;04456X0032/S2;3;0,053333333;0,07;103;108;1;1
2007;04458X0059/F;2;0,085;0,13;103;108;1;2
2007;04461X0025/F;2;0,14;0,18;103;108;3;3
2007;04494X0014/P;3;0;0;145;273;0;0
2007;04498X0018/F;2;0;0;271;273;0;0
2007;04502X0045/SGB2;2;0,115;0,18;271;273;1;2
2007;04503X0009/FS9;3;0;0;144;273;0;0
2007;04507X0043/SOURCE;1;0,27;0,27;274;274;1;1
2007;04513X0007/F1;16;0,3985625;4,2;74;273;0;10
2007;04514X0006/F1;14;0,247142857;2,38;74;273;0;6
2007;04514X0007/F2;14;2,238214286;3,89;74;273;0;7
2007;04518X0045/MSM1;2;0;0;271;273;0;0
2007;04522X0014/S;2;0;0;271;273;0;0
2007;04538X0112/F;1;0,24;0,24;274;274;2;2
2007;04552X0070/F2;2;0,09;0,18;174;179;0;1
2007;04555X0083/P3;3;0;0;61;179;0;0
2007;04563X0024/HY;2;1,745;3;174;179;2;3
2007;04565X0027/AEP;2;0,14;0,15;174;179;1;1
2007;04568X0037/FAEP;3;0,253333333;0,4;63;179;2;4
2007;04572X0032/F2AEP;3;0;0;11;179;0;0
2007;04578X0278/PFAEP4;2;0,06;0,12;174;179;0;2
2007;04585X0190/FAEP;4;0;0;63;179;0;0
2007;04586X0007/F;2;0;0;174;179;0;0
2007;04592X0008/F2;3;0;0;72;179;0;0
2007;04595X0001/PAEP;2;0,265;0,31;174;179;3;3
2007;04616X0001/FAEP;2;0;0;174;179;0;0
2007;04622X0013/HYAEP;2;0,135;0,16;174;179;2;3
2007;04623X0013/FAEP;3;0,49;0,6;90;179;3;4
2007;04632X0002/FAEP;3;0,03;0,06;86;179;0;1
2007;04635X0012/HY22;2;0,065;0,11;174;179;1;2
2007;04641X1003/PAEP;2;0,1;0,2;174;179;0;1
2007;04651X0002/SOURCE;1;0,25;0,25;184;184;1;1
2007;04654X0002/S1;3;0,016666667;0,03;50;184;0;1
2007;04655X0006/SOURCE;3;0;0;49;184;0;0
2007;04657X0007/AEP;3;0,103333333;0,12;52;184;1;2
2007;04661X0003/SOURCE;3;0;0;73;184;0;0
2007;04663X0004/AEP;2;0;0;184;184;0;0
2007;04664X1010/AEP;2;0;0;184;184;0;0
2007;04687X0014/SOURCE;2;0,07;0,08;184;184;1;2
2007;04694X0007/HY;1;0;0;1;1;0;0
2007;04696X0009/SOURCE;6;0,016666667;0,1;376;376;0;1
2007;04702X0034/SOURCE;6;0,075;0,2;376;376;0;3
2007;04703X0001/SOURCE;6;0,02;0,1;376;377;0;1
2007;04707X0001/SOURCE;6;0,038333333;0,08;376;377;1;3
2007;04712X0024/S;7;0,06;0,19;66;377;0;2
2007;04713X0018/P2;7;0,021428571;0,15;66;378;0;1
2007;04713X0143/F;1;0;0;66;66;0;0
2007;04716X0022/AEP;1;0,153;0,153;66;66;2;2
2007;04723X0013/S;7;0,333857143;2,07;66;377;0;8
2007;04725X0008/S;6;0,593333333;2,79;375;377;2;11
2007;04741X0035/P;1;0;0;330;330;0;0
2007;04761X0035/HY;6;0,053333333;0,19;103;108;0;2
2007;04762X0001/S1;6;0;0;103;108;0;0
2007;04762X0050/S2;6;0;0;103;108;0;0
2007;04763X0025/HY;6;0,076666667;0,13;103;108;1;2
2007;04807X0020/F;3;0;0;144;273;0;0
2007;04816X0400/F;2;0;0;271;273;0;0
2007;04818X0181/F2;2;0;0;271;273;0;0
2007;04822X0046/F4-S4;3;0;0;49;273;0;0
2007;04841X0004/F;2;0;0;271;273;0;0
2007;04853X0079/P;3;0,006666667;0,02;61;179;0;1
2007;04866X0034/FAEP;2;0;0;174;179;0;0
2007;04875X0025/HYAEP;2;0;0;174;179;0;0
2007;04878X0025/FAEP;2;0,15;0,3;174;179;0;3
2007;04882X0001/PAEP2;2;0,44;0,55;174;179;2;3
2007;04886X0011/HYAEP;1;0,54;0,54;180;180;2;2
2007;04902X0037/F3;3;0;0;72;179;0;0
2007;04903X0093/F2AEP;3;0;0;73;179;0;0
2007;04911X0007/PAEP1;2;0;0;174;179;0;0
2007;04916X0001/PAEP;2;0,13;0,15;174;179;2;3
2007;04925X0007/PAEP3;3;0,07;0,1;90;179;1;1
2007;04928X0007/FAEP;3;0,113333333;0,14;90;179;2;2
2007;04933X0005/HYAEP;2;0,115;0,13;174;179;1;3
2007;04933X0010/HYAEP;3;0;0;87;179;0;0
2007;04937X0001/PCAEP;2;0,82;1,32;174;179;2;3
2007;04941X0015/P;3;0,06;0,11;71;179;0;2
2007;04961X0091/F2;3;0;0;51;184;0;0
2007;04965X0024/AEP;3;0,006666667;0,02;50;184;0;1
2007;04967X0008/P;2;0,065;0,08;184;184;1;1
2007;04972X0011/ETUDE;3;0,25;0,75;183;184;0;2
2007;04976X0017/ETUDE;2;0;0;184;184;0;0
2007;04982X0009/SOURCE;2;0,035;0,04;184;184;1;1
2007;04984X0003/AEP;2;0,055;0,11;184;184;0;1
2007;04992X0005/AEP;2;0;0;36;68;0;0
2007;04994X0473/FORAGE;5;0,834;0,95;36;68;9;11
2007;04998X0093/AEP;4;0,315;0,5;1;68;0;6
2007;04998X0096/S;6;0,2;0,47;376;377;1;5
2007;05002X0097/F;2;0;0;1;68;0;0
2007;05003X0005/AEP;1;0,03;0,03;68;68;1;1
2007;05005X0042/S-FOND;6;0,958333333;1,23;377;377;8;12
2007;05007X0046/S1;8;0,085;0,21;2;376;0;3
2007;05007X0071/AEP;1;0;0;1;1;0;0
2007;05008X0064/PUITS;6;0;0;1;1;0;0
2007;05023X0062/P5;1;0;0;1;1;0;0
2007;05025X0111/P1;6;0,006666667;0,04;376;376;0;1
2007;05031X0054/S;7;0,061428571;0,41;330;377;0;6
2007;05031X0060/SONDAG;1;0;0;1;1;0;0
2007;05033X0049/CN;1;0;0;1;1;0;0
2007;05034X0025/SCE;1;0;0;1;1;0;0
2007;05044X0003/S;2;0,05;0,1;1;376;0;1
2007;05068X0002/F2;2;0,055;0,11;271;273;0;1
2007;05078X0003/P3;4;1,068;1,28;145;273;5;10
2007;05092X0025/PS16;2;0;0;271;273;0;0
2007;05095X0042/P;2;0;0;271;273;0;0
2007;05108X0501/F;2;0;0;271;273;0;0
2007;05112X0004/F;2;0,005;0,01;271;273;0;1
2007;05143X0088/S;2;0,27;0,5;174;179;1;4
2007;05146X0001/P;2;0,225;0,24;174;179;3;3
2007;05154X0028/FAEP;2;0,595;0,61;174;179;3;3
2007;05156X0010/PCAEP;2;0,21;0,27;174;179;2;2
2007;05172X0007/HYAEP;3;0,026666667;0,08;95;179;0;2
2007;05187X0003/HYAEP;2;0;0;95;174;0;0
2007;05196X0108/F2;2;0,045;0,09;174;179;0;2
2007;05202X0010/FAEP1;2;0,075;0,08;174;179;1;1
2007;05214X0001/SOURCE;3;0;0;50;179;0;0
2007;05226X0001/SOURCE;4;0,0425;0,15;37;179;0;3
2007;05235X0004/F;3;0,013333333;0,04;50;179;0;2
2007;05241X0024/AEP;16;0,241875;0,59;5;184;0;3
2007;05241X0029/AEP;2;0,235;0,47;184;184;0;1
2007;05242X0009/SOURCE;2;0;0;271;273;0;0
2007;05263X0066/FORAGE;2;0;0;1;68;0;0
2007;05264X0033/SOURCE;8;0,68625;1,07;68;376;6;10
2007;05266X0032/SOURCE;11;0,359090909;0,59;36;377;4;9
2007;05267X0044/AEP;2;0,01;0,02;1;68;0;1
2007;05273X0088/PUITS;6;0,026666667;0,04;376;376;0;2
2007;05278X1003/CC;6;0,241666667;0,67;376;376;2;5
2007;05282X0097/P1;6;0,046666667;0,17;376;377;0;3
2007;05282X0254/SCE;1;0;0;1;1;0;0
2007;05284X0100/S;2;0;0;1;25;0;0
2007;05285X0372/P3;1;0;0;1;1;0;0
2007;05287X0036/S1;1;0;0;1;1;0;0
2007;05295X0029/P;6;0,085;0,35;376;377;0;3
2007;05307X0007/S;1;0;0;1;1;0;0
2007;05342X0032/SF2;2;0;0;271;273;0;0
2007;05344X0050/F;2;0,135;0,27;271;273;0;2
2007;05347X0001/P1;2;0,025;0,05;271;273;0;1
2007;05347X0017/P6;2;0,065;0,12;271;273;1;2
2007;05353X0015/F;2;0;0;271;273;0;0
2007;05367X0059/SR;2;0;0;271;273;0;0
2007;05376X0008/P2;2;0;0;271;273;0;0
2007;05382X0005/F1;4;0,125;0,5;88;273;0;1
2007;05393X0003/F1;5;0;0;16;179;0;0
2007;05402X0038/F9;4;0;0;66;179;0;0
2007;05405X0001/SOURCE;10;0,072;0,14;97;179;0;3
2007;05414X1002/PAEP;3;0,163333333;0,25;63;179;1;2
2007;05417X0124/F;4;0;0;67;179;0;0
2007;05424X0006/HYAEP;3;0,066666667;0,08;64;179;1;1
2007;05432X0030/F3AEP;2;0;0;174;179;0;0
2007;05434X0003/P1AEP;2;0,525;0,55;174;179;3;4
2007;05446X0001/HYAEP;3;0;0;95;179;0;0
2007;05446X0139/FAEP;3;0;0;95;179;0;0
2007;05448X0023/HYAEP;4;0,0425;0,08;95;179;1;2
2007;05454X0062/FAEP;2;0;0;174;179;0;0
2007;05458X0002/F2AEP;1;0;0;180;180;0;0
2007;05461X0001/PCAEP;1;0,12;0,12;174;174;1;1
2007;05475X0059/F2AEP;1;0,03;0,03;174;174;1;1
2007;05478X0001/PCAEP;2;0;0;174;179;0;0
2007;05486X1001/P;3;0;0;50;179;0;0
2007;05488X0013/ETUDE;2;0;0;174;179;0;0
2007;05495X0029/P;3;0;0;50;179;0;0
2007;05531X0005/AEP;6;0;0;1;1;0;0
2007;05537X0107/AEP;6;0,56;0,85;377;377;7;11
2007;05541X0047/PUITS;2;0,035;0,07;1;376;0;2
2007;05543X0023/AEP;1;0,219;0,219;77;77;2;2
2007;05563X0023/S;1;0;0;1;1;0;0
2007;05565X0020/S;1;0;0;1;1;0;0
2007;05573X0003/S;7;0,061428571;0,09;330;376;0;3
2007;05573X0022/S3-C;6;0;0;1;1;0;0
2007;05596X0081/F;2;0,055;0,11;271;273;0;1
2007;05604X0200/BACHE;2;0,045;0,09;271;273;0;1
2007;05615X0015/F;2;0;0;271;273;0;0
2007;05617X0006/F;2;0,015;0,03;271;273;0;1
2007;05625X0015/F5;2;0;0;271;273;0;0
2007;05635X0152/F;2;0,19;0,33;271;273;1;3
2007;05637X0005/P2;2;0;0;271;273;0;0
2007;05638X0025/FORAGE;3;0,013333333;0,04;115;273;0;1
2007;05662X0001/PUITS;4;0,0275;0,06;87;179;0;2
2007;05663X0001/PUITS;2;0,54;0,75;174;179;8;11
2007;05663X0067/F1;4;0;0;67;179;0;0
2007;05672X0112/F;3;0,28;0,37;61;179;3;4
2007;05672X0163/F1;4;0;0;61;179;0;0
2007;05675X0066/F;3;0,123333333;0,14;47;179;2;2
2007;05678X0060/S;2;0;0;174;179;0;0
2007;05695X0003/PAEP;5;0,26;0,63;22;179;1;4
2007;05702X0012/P;2;2,395;3,11;174;179;7;12
2007;05711X0008/FAEP;3;0,036666667;0,04;95;179;1;1
2007;05728X0047/HY;2;0,115;0,16;174;179;2;3
2007;05736X0002/P1;2;0;0;174;179;0;0
2007;05737X0007/C;3;0;0;2;179;0;0
2007;05737X0008/C;3;0,006666667;0,02;2;179;0;1
2007;05748X0035/P4;3;0;0;1;273;0;0
2007;05754X0040/EAU;2;0;0;271;273;0;0
2007;05755X0079/F;2;0,265;0,29;271;273;1;1
2007;05755X0087/S;3;0;0;271;298;0;0
2007;05763X0008/AEP;3;0;0;50;273;0;0
2007;05765X0010/F1;2;0;0;271;273;0;0
2007;05772X0030/SOURCE;2;0,08;0,16;271;273;0;1
2007;05781X0017/SOURCE;2;0;0;271;273;0;0
2007;05796X0046/AEP;6;0,601666667;0,82;376;377;2;3
2007;05811X0100/P;1;0;0;1;1;0;0
2007;05811X0194/SPOMP;6;0,123333333;0,17;375;376;3;3
2007;05815X0033/P;1;0;0;1;1;0;0
2007;05817X0005/S;1;0;0;1;1;0;0
2007;05823X0014/S;1;0;0;1;1;0;0
2007;05836X0001/S;1;0;0;1;1;0;0
2007;05846X0005/F1;2;0;0;271;273;0;0
2007;05858X0116/F;2;0,4795;0,769;271;273;1;9
2007;05858X0290/F;2;0,159;0,178;271;273;1;3
2007;05867X0154/F;2;0,02;0,04;271;273;0;1
2007;05894X0054/HY;5;0,07;0,12;47;179;1;1
2007;05895X0002/HYD;10;0,04;0,12;97;179;0;5
2007;05895X0017/F;4;0,0325;0,13;67;179;0;1
2007;05903X0086/F;5;0,056;0,09;61;179;1;1
2007;05915X0018/F;5;0;0;66;179;0;0
2007;05925X0001/HYD;4;0;0;88;179;0;0
2007;05926X0002/PAEP;2;0;0;174;179;0;0
2007;05927X0012/F;1;0;0;174;174;0;0
2007;05933X0006/FAEP3;3;0;0;95;179;0;0
2007;05943X0008/PFAEP1;3;0,343333333;0,42;22;179;4;5
2007;05947X0002/HYAEP;2;0;0;271;273;0;0
2007;05962X0018/P5;2;0;0;271;273;0;0
2007;05973X0003/F;2;0,065;0,13;271;273;0;1
2007;05986X0077/S1;2;0,235;0,47;271;273;0;1
2007;05997X1114/P3;2;0;0;271;273;0;0
2007;06002X0016/HY;2;0;0;271;273;0;0
2007;06008X0005/SOURCE;2;0;0;271;273;0;0
2007;06014X0040/CN;2;0;0;1;376;0;0
2007;06023X0059/F1410;6;0,028333333;0,05;376;377;1;1
2007;06025X0004/AEP;2;0;0;1;77;0;0
2007;06026X0005/P;6;0,265;0,63;376;376;2;11
2007;06053X0028/SCE;1;0;0;1;1;0;0
2007;06074X0069/HY;2;0,185;0,37;271;273;0;4
2007;06074X0086/F3;2;0,0775;0,155;271;273;0;4
2007;06102X0612/FORAGE;2;0;0;273;285;0;0
2007;06106X0005/SOURCE;2;0,015;0,03;271;273;0;1
2007;06107X0024/SOURCE;12;0,0375;0,08;16;273;0;2
2007;06114X0004/R;10;0,605;4,88;97;179;1;5
2007;06124X0026/F;1;0;0;179;179;0;0
2007;06128X0005/HYD;10;0,022;0,05;97;179;0;1
2007;06133X0002/HYD;4;0,03;0,06;101;179;1;1
2007;06134X0027/F;3;0;0;87;179;0;0
2007;06142X0010/HYD;10;0,017;0,08;84;179;0;4
2007;06167X0006/HY;3;0;0;137;273;0;0
2007;06171X1001/HYAEP;3;0;0;94;273;0;0
2007;06177X0003/HY;3;0,009333333;0,028;138;273;0;2
2007;06187X0001/181;2;0;0;271;273;0;0
2007;06191X0137/P16;2;0;0;271;273;0;0
2007;06212X0058/LFN804;2;0,085;0,17;271;273;0;1
2007;06216X0165/P4;2;0,04;0,08;271;273;0;1
2007;06245X1001/SOURCE;2;0;0;271;273;0;0
2007;06257X0002/320A;1;0;0;1;1;0;0
2007;06268X0017/SCE;2;0,01;0,02;1;376;0;1
2007;06276X1002/P2;2;0;0;1;298;0;0
2007;06277X0084/SO;6;0;0;376;377;0;0
2007;06281X0037/SCE;1;0;0;1;1;0;0
2007;06288X0072/O71A;2;0;0;1;376;0;0
2007;06295X0006/F2;2;0;0;1;376;0;0
2007;06297X0022/F2105A;6;0,026666667;0,03;375;377;1;1
2007;06301X0098/P;1;0;0;1;1;0;0
2007;06303X0010/S249D;1;0;0;1;1;0;0
2007;06305X0074/SCE;1;0;0;1;1;0;0
2007;06332X0002/F;1;0;0;274;274;0;0
2007;06342X0019/P;4;0,025;0,07;88;273;0;2
2007;06348X0006/F;4;0,0125;0,05;90;105;0;2
2007;06356X0008/8;4;0;0;90;273;0;0
2007;06365X0003/SOURCE;4;0,0075;0,03;90;105;0;1
2007;06366X0007/F;5;0,044;0,07;16;105;0;1
2007;06367X0135/F;2;0;0;102;105;0;0
2007;06374X0001/F1;4;1,0975;1,61;90;105;1;3
2007;06378X0002/CORNAC;2;0,435;0,78;105;105;2;3
2007;06384X0005/PUITS;5;0,028;0,04;63;179;1;2
2007;06385X0001/F1;3;0,01;0,03;67;102;0;1
2007;06385X0003/HYD;5;0,148;0,24;68;105;1;4
2007;06392X0001/HY;2;0;0;271;273;0;0
2007;06403X0011/HY;2;0;0;271;273;0;0
2007;06411X0002/HY;2;0,035;0,07;271;273;0;1
2007;06432X0018/HY;2;0,14;0,23;271;273;1;1
2007;06447X0024/S;2;0,035;0,04;271;273;1;1
2007;06451X0053/TX;2;0,025;0,05;271;273;0;1
2007;06462X0092/F;1;0;0;274;274;0;0
2007;06467X0211/D;3;0,026666667;0,08;271;300;0;1
2007;06475X0007/F;2;0,005;0,01;271;273;0;1
2007;06477X0026/S;2;0;0;271;273;0;0
2007;06486X0005/S9B;3;0;0;271;295;0;0
2007;06492X0015/HY;1;0;0;1;1;0;0
2007;06505X0078/F5;6;0,3;0,4;377;377;4;6
2007;06512X0023/289A;7;0,102142857;0,13;298;377;2;4
2007;06516X0024/211A;5;0,0392;0,106;262;298;0;2
2007;06518X0028/F;2;0,13;0,26;1;376;0;4
2007;06526X0067/P;4;0;0;262;262;0;0
2007;06537X0011/308A;1;0;0;1;1;0;0
2007;06538X0057/F;6;0;0;377;377;0;0
2007;06541X0006/PI1;4;0;0;75;77;0;0
2007;06542X0073/SCE1;4;0;0;75;77;0;0
2007;06545X0002/S2;2;0,01;0,02;1;376;0;1
2007;06546X0020/S2;6;0;0;1;1;0;0
2007;06576X0001/P;5;0;0;16;105;0;0
2007;06581X0514/F2BRI;2;0;0;104;105;0;0
2007;06583X0526/PB3;2;0,01;0,02;90;90;0;1
2007;06586X0013/G;3;0,486666667;0,53;101;101;5;10
2007;06601X0001/F;4;0,025;0,05;100;100;0;2
2007;06608X0034/PUITS;14;0,161428571;0,29;19;114;1;8
2007;06608X0093/F;3;0;0;67;105;0;0
2007;06611X0087/S;2;0;0;102;105;0;0
2007;06617X0009/HY;8;0,11875;0,23;38;115;1;5
2007;06626X0029/SOURCE;10;0,233;2,07;84;105;0;2
2007;06651X0041/HY;3;0;0;137;273;0;0
2007;06685X0505/HY;2;0;0;273;294;0;0
2007;06695X0020/S;2;0;0;271;273;0;0
2007;06697X0099/ERH;2;0,155;0,31;271;273;0;1
2007;06707X0332/P;3;0,033333333;0,1;18;273;0;1
2007;06711X0017/162;2;0;0;271;273;0;0
2007;06741X0008/692A;6;0,143333333;0,21;377;379;3;7
2007;06744X0003/P2;5;0,014;0,04;262;298;0;1
2007;06745X0204/SCE;2;0,41;0,82;1;376;0;14
2007;06746X0076/105A;2;0,045;0,09;1;376;0;2
2007;06754X0065/P2;6;0,053333333;0,09;376;377;1;3
2007;06757X0009/F;4;0;0;262;262;0;0
2007;06757X0064/P;5;0,0218;0,059;262;298;0;1
2007;06774X0046/SCE;6;0,003333333;0,02;376;377;0;1
2007;06775X0022/P;3;0;0;1;77;0;0
2007;06778X0056/F5;6;0;0;1;1;0;0
2007;06784X0024;5;0;0;1;1;0;0
2007;07735X0033;1;0;0;1;1;0;0
2007;09978X0023;1;0;0;1;1;0;0
2007;10207X0191;1;0;0;1;1;0;0
2007;06805X0034/SCE;1;0;0;1;1;0;0
2007;06818X0523/F;4;0;0;90;105;0;0
2007;06818X0524/F;4;0;0;87;105;0;0
2007;06823X0008/SOURCE;5;0,096;0,14;17;105;1;3
2007;06828X0021/F;9;0,406666667;0,54;16;87;2;5
2007;06831X0001/HY;4;0,165;0,3;87;87;1;6
2007;06831X0030/S;2;0;0;17;102;0;0
2007;06832X0004/HY;10;0,184;0,22;84;87;3;6
2007;06832X0016/S;3;0,043333333;0,09;16;105;0;2
2007;06833X0002/F;3;1,843333333;3,7;102;105;2;3
2007;06835X0009/HY;13;0,166153846;0,25;16;105;1;5
2007;06838X0007/BURIE;4;0,685;0,96;90;105;5;8
2007;06842X0004/F2;4;0,01;0,04;102;105;0;2
2007;06861X0004/HY;12;0,06;0,42;66;87;0;5
2007;06861X0010/F;2;0,025;0,05;102;105;0;1
2007;06865X0009/F;4;0,2675;0,36;90;105;2;5
2007;06867X0001/SOURCE;2;0;0;105;105;0;0
2007;06883X0148/HY;2;0,04;0,04;271;273;1;1
2007;06884X0009/HY;1;0,04;0,04;274;274;1;1
2007;06898X0021/HY;2;0;0;271;273;0;0
2007;06904X0005/HY;1;0;0;273;273;0;0
2007;06925X0010/S;3;0,01;0,03;18;273;0;1
2007;06931X0050/HY;2;0;0;271;273;0;0
2007;06936X0202/604;2;0;0;271;273;0;0
2007;06938X0198/P101;2;0;0;18;18;0;0
2007;06945X0297/S;3;0,006666667;0,02;18;273;0;1
2007;06984X0025/HY;1;0;0;298;298;0;0
2007;06987F0130/P1;4;0;0;77;264;0;0
2007;06988X0047/S;10;0;0;4;302;0;0
2007;06988X0215/P;4;0,05;0,09;77;264;0;1
2007;06988X0218/F;4;0;0;77;264;0;0
2007;06991X0002/P;2;0;0;1;298;0;0
2007;06991X0179/S2;7;0,100285714;0,18;298;377;1;3
2007;06992X0035/S2;1;0,09;0,09;298;298;2;2
2007;06992X0108/378A;1;0,067;0,067;298;298;1;1
2007;06993X0099/SR1;6;0,186666667;0,58;376;377;2;4
2007;06994X0042/SCE;2;0,115;0,23;1;376;0;4
2007;06995C0266/F;4;0;0;77;264;0;0
2007;06995X0033/S;3;0,31;0,5;77;264;2;3
2007;06995X0137/P2;6;0,05;0,09;376;377;1;3
2007;06996A0084/F;1;0;0;28;28;0;0
2007;06996X0001/F;5;0,046;0,07;376;377;0;3
2007;06996X0104/F;1;0,057;0,057;28;28;1;1
2007;07001X0271/403A;4;0;0;262;262;0;0
2007;07002X0020/SCE;4;0;0;262;262;0;0
2007;07011X0108/PZ;4;0;0;262;262;0;0
2007;07011X0109/SCE;2;0;0;1;376;0;0
2007;07013X0011/F225A;2;0;0;75;75;0;0
2007;07014X0028/F;2;0;0;75;75;0;0
2007;07018X0112/S138A;1;0;0;75;75;0;0
2007;07027X0010/F1;1;0;0;1;1;0;0
2007;07054X0011/111111;2;0;0;105;105;0;0
2007;07061X0054/F;2;0;0;84;102;0;0
2007;07062X0005/F2;5;0,248;0,35;17;87;1;3
2007;07068X0006/HY;4;0;0;90;105;0;0
2007;07072X0005/HY;6;0,14;0,23;16;100;1;2
2007;07078X0005/5;4;0,455;0,66;90;105;4;6
2007;07081X0507/F;3;0,336666667;0,65;66;84;2;6
2007;07082X0031/HYD;11;0,23;0,37;67;101;3;8
2007;07083X0100/82;5;0,152;0,35;65;106;1;4
2007;07084X0002/F;3;0,063333333;0,1;67;105;1;3
2007;07086X0004/F;5;0,066;0,08;67;105;1;1
2007;07093X0066/HY;10;0,024;0,04;97;105;0;1
2007;07096X0021/FORGE;17;0,273529412;0,39;19;105;1;6
2007;07102X0503/HY;12;0,1275;0,25;66;88;1;3
2007;07108X0002/F;2;0,165;0,18;43;44;1;2
2007;07157X0010/F;3;0;0;18;143;0;0
2007;07163X0015/S;2;0;0;271;273;0;0
2007;07174X0185/737-2;2;0,01;0,02;271;273;0;1
2007;07188X0001/HY;2;0;0;271;273;0;0
2007;07191X0007/2807;2;0;0;271;273;0;0
2007;07203X0165/CPT;2;0;0;271;273;0;0
2007;07208X0203/CPT;3;0,158666667;0,326;271;295;0;4
2007;07221X0017/P4;7;0,01;0,03;376;377;0;1
2007;07222D0216/A26-1;9;0,04;0,32;1;377;0;2
2007;07223C0089/S;6;0,05;0,13;376;377;1;2
2007;07224A0145/S1;4;0;0;77;264;0;0
2007;07224X0052/S;4;0,0175;0,07;75;264;0;2
2007;07226A0261/N5;1;0;0;302;302;0;0
2007;07226X0322/CPT;3;0,006666667;0,02;1;376;0;1
2007;07228X0008/P;1;0;0;28;28;0;0
2007;07231X0265/P;4;3,04;4,49;75;264;1;1
2007;07232X0004/F;3;0,02;0,06;28;38;0;1
2007;07232X0029/F2;6;0,081666667;0,12;375;377;3;4
2007;07234X0014/F;2;0;0;1;29;0;0
2007;07234X0019/HY;6;0,016666667;0,02;375;377;0;1
2007;07235X0006/P;1;0;0;29;29;0;0
2007;07235X0008/P;1;0;0;29;29;0;0
2007;07235X0011/F;1;0;0;29;29;0;0
2007;07236X0028/P;1;0,83;0,83;29;29;2;2
2007;07236X0031/HY;1;0;0;29;29;0;0
2007;07237X0077/P;1;0,116;0,116;29;29;2;2
2007;07238X0043/F3;7;0,04;0,07;29;377;0;2
2007;07247X0013/P;2;0;0;1;376;0;0
2007;07256X0046/F1;7;0;0;1;77;0;0
2007;07261X0013/CPT;1;0;0;376;376;0;0
2007;07265X0006/F;2;0;0;1;76;0;0
2007;07294X0012/F;1;0;0;20;20;0;0
2007;07303X0003/HY;14;0,098571429;0,16;16;106;0;5
2007;07305X0049/G2;1;0;0;20;20;0;0
2007;07315X0002/HY;12;0,075;0,15;16;87;1;5
2007;07316X0027/F;3;0;0;16;105;0;0
2007;07318X0007/F4;8;0,26125;0,4;16;87;2;6
2007;07334X0508/SOURCE;16;0,516875;0,63;19;105;2;6
2007;07334X0511/F2;8;0,21625;0,3;19;100;1;5
2007;07338X0501/P;4;0,09;0,11;66;87;1;2
2007;07346X0013/HY;2;0,39;0,46;44;44;2;3
2007;07348X0015/F;1;0;0;12;12;0;0
2007;07357X0005/F;2;0;0;12;12;0;0
2007;07361X0002/HY;2;0;0;44;44;0;0
2007;07374X0002/S1;2;0;0;50;52;0;0
2007;07415X0016/003917;2;0;0;271;273;0;0
2007;07421X0075/P1;2;0;0;271;273;0;0
2007;07441X0004/CPT;2;0;0;271;273;0;0
2007;07445X0049/CPT;2;0;0;271;273;0;0
2007;07458X0024/SRCE;1;0;0;1;1;0;0
2007;07463X0006/P;1;0;0;55;55;0;0
2007;07463X0037/318A;7;0,054285714;0,15;28;377;0;3
2007;07463X0054/F;6;0,061666667;0,23;375;377;1;2
2007;07466X0001/S;1;0,37;0,37;8;8;2;2
2007;07466X0047/HY;2;0;0;1;28;0;0
2007;07466X0061/P;7;0,038571429;0,08;28;377;0;3
2007;07468X0012/P;1;0;0;29;29;0;0
2007;07471X0001/P;1;0;0;28;28;0;0
2007;07471X0005/S;1;0;0;29;29;0;0
2007;07474X0005/P;1;0;0;28;28;0;0
2007;07476X0021/S;6;0,116666667;0,18;376;378;2;2
2007;07477X0017/S2;1;0,089;0,089;28;28;1;1
2007;07478X0013/F;1;0;0;28;28;0;0
2007;07478X0041/I;1;0,054;0,054;28;28;1;1
2007;07482X0032/F;1;0;0;28;28;0;0
2007;07482X0033/HY;1;0,079;0,079;28;28;1;1
2007;07486X0031/S;1;0;0;28;28;0;0
2007;07488X0011/F;2;0;0;1;28;0;0
2007;07496X0007/38446A;2;0;0;1;28;0;0
2007;07503X0023/P;1;0;0;1;1;0;0
2007;07538X0010/F1;1;0;0;20;20;0;0
2007;07548X0234/PZEM4;1;0;0;20;20;0;0
2007;07552X0003/P1;3;0,009333333;0,028;15;52;0;1
2007;07554X0005/F3;2;0,04;0,08;84;84;0;4
2007;07555X0101/F;2;0;0;50;52;0;0
2007;07564X0501/SOURCE;5;0;0;47;87;0;0
2007;07571X0581/SOURCE;2;0,33;0,42;105;105;1;1
2007;07573X0001/HY;3;0,016666667;0,05;66;103;0;2
2007;07577X0017/HY;2;0,125;0,13;43;44;1;1
2007;07578X0038/P;2;0,405;0,46;44;44;1;1
2007;07582X0005/HY;2;0,095;0,1;44;44;1;1
2007;07583X0003/HY;2;0,07;0,08;12;12;1;1
2007;07588X0009/ABIME;4;0,085;0,12;45;51;1;1
2007;07593X0004/HY;2;0,1;0,11;44;44;1;1
2007;07595X0022/F;2;0,015;0,03;12;50;0;1
2007;07596X0010/F;1;0;0;12;12;0;0
2007;07597X0006/F;1;0;0;12;12;0;0
2007;07598X0009/F2;1;0;0;12;12;0;0
2007;07621X0013/F2;2;0,66;0,96;18;20;1;1
2007;07655X0020/502;2;0;0;271;273;0;0
2007;07662X0235/C;2;0;0;271;273;0;0
2007;07675X0002/HY;2;0;0;271;273;0;0
2007;07702X0129/P;6;0,103333333;0,19;376;376;2;4
2007;07704X0082/F;6;0,101666667;0,19;377;377;2;3
2007;07704X0086/NFP;1;0;0;1;1;0;0
2007;07706X0091/S1;8;0,19125;0,4;2;377;2;4
2007;07707X0145/F;2;0;0;1;376;0;0
2007;07711X0030/F;2;0;0;8;8;0;0
2007;07711X0034/F;1;0,099;0,099;29;29;1;1
2007;07712X0007/S;1;0,096;0,096;28;28;1;1
2007;07713X0020/F;7;0,050857143;0,1;28;377;1;3
2007;07722X0058/S2;2;0;0;8;28;0;0
2007;07725X0032/HY;1;0;0;28;28;0;0
2007;07735X0033;1;0;0;1;1;0;0
2007;07781X0014/F8;2;0,06;0,12;49;52;0;1
2007;07786X0001/F;1;0;0;20;20;0;0
2007;07791X0204/PZEM5;1;0;0;20;20;0;0
2007;07792X0006/F;3;0;0;15;20;0;0
2007;07803X0004/HY;5;0;0;16;105;0;0
2007;07804X0003/F2;1;0;0;20;20;0;0
2007;07811X0011/F;1;0;0;12;12;0;0
2007;07818X0033/F4;1;0;0;12;12;0;0
2007;07821X0001/SOURCE;2;0;0;13;13;0;0
2007;07823X0004/HY;3;0,033333333;0,05;45;51;0;1
2007;07835X0011/HY;2;0;0;12;12;0;0
2007;07844X0002/HY;2;0;0;12;12;0;0
2007;07844X0003/P;3;0;0;44;51;0;0
2007;07847X0001/HY;2;0,075;0,15;43;44;0;2
2007;07855X0032/HY;2;0,0265;0,053;50;52;0;3
2007;07857X0001/HY;3;0;0;17;52;0;0
2007;07857X0219/111111;3;0;0;17;52;0;0
2007;07864X0001/HY;2;0;0;50;52;0;0
2007;07885X0032/3236;3;0;0;50;108;0;0
2007;07888X0023/S;2;0;0;50;52;0;0
2007;07891X0018/S;2;0;0;271;273;0;0
2007;07915X0007/C;2;0;0;271;273;0;0
2007;07916X0007/SCE;2;0,05;0,1;271;273;0;1
2007;07926X0050/C;3;0;0;2;273;0;0
2007;07931X0015/001214;2;0,17;0,34;271;273;0;1
2007;07942X0287/F;18;0,085;0,14;1;378;1;3
2007;07947X0045/PUITS;6;0,08;0,14;375;377;2;3
2007;07948X0049/F;2;0,02;0,04;1;376;0;1
2007;07951X0002/F1;1;0;0;1;1;0;0
2007;07953X0009/F;3;0,013333333;0,04;1;376;0;1
2007;07953X0105/SCE;2;0,065;0,13;1;376;0;4
2007;07954X0002/HY2;2;0;0;1;28;0;0
2007;07956X0037/D;6;0,186666667;0,26;370;375;2;4
2007;07964X0321/HY;2;0;0;1;29;0;0
2007;07964X0335/F;6;1,011666667;1,18;377;377;6;7
2007;07965X0078/SO;1;0;0;1;1;0;0
2007;07966X0029/SO;1;0;0;1;1;0;0
2007;07973X0012/F;1;0;0;1;1;0;0
2007;07975X0075/PUITS1;2;0;0;1;29;0;0
2007;08032X0367/F5;2;0;0;1;1;0;0
2007;08035X0006/S;4;0,003;0,007;15;52;0;1
2007;08042X0006/F;2;0,039;0,067;50;52;1;1
2007;08055X0003/F1;2;0,022;0,027;50;52;2;2
2007;08057X0030/F;1;0;0;12;12;0;0
2007;08062X0020/F;2;0;0;12;50;0;0
2007;08066X0019/F;2;0;0;12;44;0;0
2007;08073X0017/HY;2;0;0;12;12;0;0
2007;08074X0005/HY;2;0;0;12;12;0;0
2007;08083X0027/F1;1;0,1;0,1;12;12;1;1
2007;08085X0023/P;2;0,03;0,06;44;44;0;1
2007;08086X0022/HY;3;0,48;0,52;45;51;3;4
2007;08091X0006/HY;2;0,033;0,058;54;54;1;3
2007;08094X0017/F;2;0,038;0,048;53;53;2;2
2007;08097X0012/HY;2;0;0;21;21;0;0
2007;08138X0210/S;2;0;0;18;20;0;0
2007;08151X0006/C;2;0;0;271;273;0;0
2007;08163X0010/C;2;0;0;271;273;0;0
2007;08165X0002/SCE;2;0;0;271;273;0;0
2007;08168X0008/HY;1;0;0;1;1;0;0
2007;08183X0242/SMAL01;6;0,163333333;0,25;376;377;2;4
2007;08184X0066/DRAIN;6;0,32;0,54;376;377;2;4
2007;08187X0162/P;4;0,05;0,08;1;376;0;1
2007;08188X0052/F2;2;0;0;1;376;0;0
2007;08191X0021/D;1;0,07;0,07;1;1;1;1
2007;08221X0002/HY;1;0;0;1;1;0;0
2007;08261X0030/F;1;0;0;20;20;0;0
2007;08264X0086/F;2;0,116;0,184;50;52;1;2
2007;08272X0058/F;2;0;0;15;15;0;0
2007;08277X0162/F1;1;0;0;20;20;0;0
2007;08277X0166/F2;4;0,012;0,048;15;52;0;3
2007;08277X0223/F;1;0,011;0,011;20;20;1;1
2007;08281X0020/F;1;0;0;20;20;0;0
2007;08285X0024/F;2;0,4725;0,846;50;52;5;6
2007;08287X0004/SOURCE;2;0,9055;1,128;50;52;8;8
2007;08297X0001/F;1;0;0;18;18;0;0
2007;08302X0011/F;2;0;0;12;51;0;0
2007;08312X0010/HY;2;0;0;44;44;0;0
2007;08316X0001/SOURCE;2;0;0;44;44;0;0
2007;08323X0201/HY;2;0,0355;0,041;22;22;2;2
2007;08326X0004/HY;2;0;0;44;44;0;0
2007;08326X0006/F;2;0;0;12;50;0;0
2007;08327X0007/HY;2;0,028;0,03;53;53;2;2
2007;08332X0009/HY;3;0,014666667;0,044;54;112;0;3
2007;08332X0010/HY;2;0,005;0,01;21;21;0;2
2007;08332X0011/HY;3;0,002333333;0,007;54;112;0;1
2007;08341X0011/HY;2;0,0365;0,038;53;53;2;3
2007;08352X0002/C;2;0;0;50;52;0;0
2007;08375X0201/HY;2;0;0;50;52;0;0
2007;08413X0091/F3;2;0;0;1;376;0;0
2007;08415X0077/HY;1;0;0;1;1;0;0
2007;08423X0051/P;2;0;0;1;376;0;0
2007;08428X0003/HY;1;0,09;0,09;1;1;1;1
2007;08432X0011/HY;1;0;0;1;1;0;0
2007;08452X0019/SCE;1;0;0;1;1;0;0
2007;08461X0003/SOU;1;0;0;1;1;0;0
2007;08466X0001/S;1;0;0;1;1;0;0
2007;08467X0017/SOU;1;0;0;1;1;0;0
2007;08494X0072/F2;2;0;0;50;52;0;0
2007;08501X0086/F2;1;0;0;20;20;0;0
2007;08504X0004/F1;1;0;0;20;20;0;0
2007;08507X0013/F;1;0,007;0,007;20;20;1;1
2007;08515X0006/F2;1;0;0;20;20;0;0
2007;08521X0231/P2;2;0,338;0,446;18;20;5;6
2007;08523X0095/F2;1;0;0;20;20;0;0
2007;08524X0046/F;2;0,244;0,294;50;52;4;5
2007;08535X0020/F;1;0;0;18;18;0;0
2007;08536X0017/F1;1;0;0;18;18;0;0
2007;08536X0133/P4;1;0,045;0,045;18;18;2;2
2007;08548X0001/F;1;0;0;18;18;0;0
2007;08558X0205/HY;2;0,0025;0,005;53;53;0;1
2007;08558X0206/HY;2;0,029;0,058;21;21;0;2
2007;08558X0208/HY;1;0,069;0,069;112;112;3;3
2007;08565X0007/F;3;0,124666667;0,132;67;112;3;6
2007;08567X0028/HY;3;0,016333333;0,044;53;112;0;2
2007;08574X0020/HY;2;0;0;21;21;0;0
2007;08577X0029/HY;2;0;0;53;53;0;0
2007;08587X0008/HY;2;0,008;0,011;50;52;1;1
2007;08605X0007/HY;4;0,0215;0,086;32;112;0;1
2007;08612X0205/BNOIR1;2;0;0;18;20;0;0
2007;08614X0009/RESSEN;2;0;0;50;52;0;0
2007;08626X0014/BERNAD;2;0;0;32;43;0;0
2007;08627X0009/SO;2;0,005;0,01;18;20;0;1
2007;08636X0016/PIERRE;2;0;0;50;52;0;0
2007;08648X0081/HY;2;0;0;1;376;0;0
2007;08656X0005/S;1;0;0;1;1;0;0
2007;08661X0152/P;6;0,018333333;0,05;375;377;0;2
2007;08663X0050/P;6;0,018333333;0,03;375;377;0;1
2007;08663X0123/D;11;0,234545455;0,35;2;377;2;5
2007;08684X0039/SOU;1;0;0;1;1;0;0
2007;08756X0032/F1;1;0;0;19;19;0;0
2007;08762X0025/F2;1;0,011;0,011;20;20;1;1
2007;08764X0005/F;2;0,005;0,01;15;20;0;1
2007;08775X0017/HY;1;0;0;18;18;0;0
2007;08782X0005/P;2;0,0155;0,018;50;52;2;2
2007;08785X0002/F;1;0;0;18;18;0;0
2007;08785X0010/F;1;0;0;18;18;0;0
2007;08794X0004/F;1;0,028;0,028;18;18;2;2
2007;08797X0205/F;1;0;0;18;18;0;0
2007;08801X0003/F;2;0;0;21;21;0;0
2007;08811X0050/F;2;0,0035;0,007;22;22;0;1
2007;08814X0011/HY;2;0,018;0,036;53;53;0;2
2007;08848X0007/HY;2;0;0;50;52;0;0
2007;08851X0009/HY;2;0;0;31;43;0;0
2007;08854X0004/ROCAYS;2;0,025;0,05;33;44;0;1
2007;08854X0015/S;2;0;0;32;43;0;0
2007;08857X0010/HY;2;0;0;33;44;0;0
2007;08858X0210/S;2;0;0;33;44;0;0
2007;08866X0047/BURLE;2;0;0;32;43;0;0
2007;08866X0055/S;2;0;0;18;20;0;0
2007;08867X0064/CASBC1;2;0;0;32;43;0;0
2007;08876X0010/RISAC;2;0;0;18;20;0;0
2007;08888X0003/F;1;0;0;1;1;0;0
2007;08898X0011/F;1;0;0;1;1;0;0
2007;08898X0201/BARAND;1;0;0;1;1;0;0
2007;08901X0119/F1;6;0,018333333;0,03;375;377;0;1
2007;08904X0026/FO;6;1,021666667;1,2;376;377;6;7
2007;08907X0014/FO;1;0;0;1;1;0;0
2007;08908X0006/D;7;0,151428571;0,19;1;375;1;4
2007;08935X0074/P;2;0;0;1;300;0;0
2007;08944X0003/HY;1;0;0;1;1;0;0
2007;08974X0011/F;2;0;0;19;39;0;0
2007;08977X0009/F4NP1;1;0;0;19;19;0;0
2007;08977X0036/P;2;0;0;20;39;0;0
2007;09006X0051/F;1;0;0;19;19;0;0
2007;09007X0047/PZ;2;0;0;19;39;0;0
2007;09022X0009/F;2;0;0;9;18;0;0
2007;09027X0038/HY;2;0;0;33;33;0;0
2007;09036X0136/F;2;3,8915;5,887;18;20;6;7
2007;09043X0001/F;2;0,0305;0,061;21;21;0;1
2007;09052X0002/HY;2;0;0;18;20;0;0
2007;09058X0022/HY;2;3,1435;6,287;50;52;0;2
2007;09061X0005/HY;3;0;0;17;52;0;0
2007;09065X0008/F;3;0,006666667;0,02;17;52;0;1
2007;09094X0215/IRONSE;2;0;0;50;52;0;0
2007;09098X0081/HY;14;0,001857143;0,026;28;112;0;1
2007;09101X0281/FPROFO;2;0;0;50;52;0;0
2007;09105X0009/HY;2;0;0;32;43;0;0
2007;09126X0101/S;1;0;0;1;1;0;0
2007;09132X0011/GOUDA;1;0;0;1;1;0;0
2007;09134X0236/PTSQE;6;0;0;376;377;0;0
2007;09136X0015/F1;1;0,63;0,63;105;105;4;4
2007;09138X0029/F5;6;0;0;376;377;0;0
2007;09141X0045/P;8;0,0125;0,02;1;376;0;2
2007;09143X0117/P;6;0,146666667;0,19;375;376;2;4
2007;09153X0020/HY;1;0;0;1;1;0;0
2007;09177X0041/P;1;0;0;1;1;0;0
2007;09185X0011/F;1;0;0;301;301;0;0
2007;09186X0006/SOU;1;0;0;1;1;0;0
2007;09236X0008/F1;2;0,095;0,1;39;56;2;2
2007;09245X0019/F3;2;0,01;0,02;19;39;0;1
2007;09247X0111/F;1;0;0;16;16;0;0
2007;09253X0046/F;1;0;0;19;19;0;0
2007;09256X0015/F2;1;0;0;16;16;0;0
2007;09257X0041/PZ1;1;0;0;35;35;0;0
2007;09257X0043/P;2;0;0;35;39;0;0
2007;09261X0010/N2;2;0;0;19;27;0;0
2007;09266X0104/F;1;0;0;35;35;0;0
2007;09268X0213/F;1;0;0;16;16;0;0
2007;09294X0199/F;2;0,1615;0,171;18;20;4;4
2007;09301X0050/F;2;0,0215;0,037;50;52;1;3
2007;09303X0139/F;2;0,071;0,075;50;52;3;3
2007;09308X0118/F;2;0,889;1,067;18;20;6;7
2007;09335X0120/F;2;0,058;0,078;18;20;4;5
2007;09352X0026/HY;2;0,019;0,038;32;43;0;1
2007;09353X0002/HY;2;0;0;33;44;0;0
2007;09355X0014/HY;2;0;0;32;43;0;0
2007;09357X0018/HY;2;0;0;32;43;0;0
2007;09357X0022/HY;2;0;0;32;43;0;0
2007;09365X0019/HY;3;0;0;33;112;0;0
2007;09372X0010/MALBOS;1;0;0;1;1;0;0
2007;09373X0021/MZGNLS;1;0;0;1;1;0;0
2007;09375X0010/ISIS;1;0;0;1;1;0;0
2007;09378X0075/SAUVE;1;0;0;1;1;0;0
2007;09381X0069/AEP;2;0,01;0,02;1;376;0;1
2007;09382X0042/ESSAI;6;0,163333333;0,22;376;377;3;4
2007;09388X0109/FG2;6;0,003333333;0,02;376;377;0;1
2007;09391X0027/RANG-2;1;0;0;1;1;0;0
2007;09392X0007/EURE;2;0;0;1;376;0;0
2007;09395X0060/F2;6;0,01;0,04;376;377;0;2
2007;09396X0021/F;1;0;0;1;1;0;0
2007;09397X0059/PONT;2;0,175;0,35;1;376;0;6
2007;09401X0222/AEP;7;0;0;59;377;0;0
2007;09403X0183/F;2;0,005;0,01;1;1;0;1
2007;09403X0185/F;6;0,016666667;0,1;376;376;0;1
2007;09404X0243/F1;1;0;0;1;1;0;0
2007;09406X0583/P;8;0,0375;0,12;3;377;0;8
2007;09411X0228/F;6;0,311666667;0,5;376;376;3;3
2007;09438X0003/SOU;1;0,285;0,285;67;67;1;1
2007;09438X0006/HY;5;2,22;2,6;376;377;1;1
2007;09452X0013/SOURCE;1;0;0;1;1;0;0
2007;09462X0005/SOU4;1;0;0;1;1;0;0
2007;09506X0048/P1;2;0;0;20;39;0;0
2007;09506X0059/S;2;0,065;0,07;19;38;1;1
2007;09507X0039/F;1;0,06;0,06;19;19;1;1
2007;09508X0055/D2;2;0,255;0,51;40;55;0;3
2007;09513X0021/GMM1;2;0;0;19;41;0;0
2007;09513X0048/S;2;0,335;0,35;39;56;3;4
2007;09514X0015/F2;2;0,06;0,07;39;41;1;1
2007;09514X0040/F;2;0,01;0,02;19;36;0;1
2007;09518X0021/F1;2;0,035;0,05;19;40;1;2
2007;09521X0003/SOURCE;2;0,1;0,2;19;36;0;3
2007;09521X0064/S;5;0,528;0,57;13;55;4;4
2007;09523X0001/HY;2;0,396;0,514;50;114;3;5
2007;09525X0006/PUITS;6;0,228333333;0,25;13;56;4;4
2007;09526X0090/F;4;0,655;0,71;13;56;4;4
2007;09526X0212/F;1;0,265;0,265;49;49;4;4
2007;09531X0006/HY;2;0,113;0,138;50;114;3;3
2007;09562X0016/F;2;0,2495;0,273;50;52;4;4
2007;09562X0226/F;2;0,032;0,064;18;20;0;3
2007;09567X0253/F;2;0,196;0,213;50;52;4;5
2007;09574X0026/F;3;0,131;0,233;33;115;0;4
2007;09577X0088/F;2;0,0085;0,017;18;20;0;1
2007;09586X0006/HY;2;0,107;0,122;50;52;3;3
2007;09586X0008/F;1;0;0;18;18;0;0
2007;09595X0003/HY;2;0,0165;0,026;50;52;1;2
2007;09614X0036/GL;2;0;0;33;44;0;0
2007;09615X0033/HY;2;0;0;32;43;0;0
2007;09623X0002/S;1;0;0;1;1;0;0
2007;09625X0234/SO;2;0;0;1;58;0;0
2007;09641X0016/F2;1;0;0;1;1;0;0
2007;09646X0058/FP2;1;0;0;1;1;0;0
2007;09648X0008/P;3;0,036666667;0,07;1;376;0;2
2007;09651X0009/S;1;0;0;1;1;0;0
2007;09652X0152/F;3;0,193333333;0,35;1;376;0;6
2007;09653X0235/S1;3;0,02;0,06;1;376;0;2
2007;09654X0556/PA1;6;0,011666667;0,04;376;377;0;2
2007;09655X0241/F2;6;0,09;0,1;375;377;3;3
2007;09656X0107/S;2;0,02;0,04;1;376;0;2
2007;09661X0065/P;3;0;0;1;376;0;0
2007;09662X0235/F;1;0;0;1;1;0;0
2007;09662X0239/F;6;0,016666667;0,03;375;376;0;1
2007;09663X0063/FO;1;0;0;1;1;0;0
2007;09663X0233/FOR3;3;0;0;1;376;0;0
2007;09663X0266/F;6;0;0;375;376;0;0
2007;09672X0036/FO;1;0;0;1;1;0;0
2007;09675X0070/P;1;0;0;1;1;0;0
2007;09681X0103/F;1;0;0;1;1;0;0
2007;09682X0074/P;1;0;0;1;1;0;0
2007;09686X0019/F;1;0;0;1;1;0;0
2007;09693X0027/SOU;6;0,295;0,45;376;376;2;3
2007;09695X0141/P5;6;0;0;1;1;0;0
2007;09696X0033/HY;1;0,07;0,07;1;1;1;1
2007;09698X0012/F;2;0,29;0,3;1;300;1;2
2007;09722X0005/SOU;1;0;0;1;1;0;0
2007;09735X0200/PUITS;6;0;0;1;1;0;0
2007;09736X0214/F4;1;0;0;1;1;0;0
2007;09761X0006/F1;1;0;0;19;19;0;0
2007;09761X0040/F8;2;0;0;19;39;0;0
2007;09767X0010/F1;6;0,311666667;1,73;13;39;1;3
2007;09767X0033/F2;5;0,064;0,09;13;39;1;2
2007;09767X0037/F3;5;0,154;0,28;13;39;1;3
2007;09767X0058/F;5;0,466;1,97;13;39;1;3
2007;09768X0040/F2;1;0;0;19;19;0;0
2007;09771X0160/F5S;2;0;0;19;39;0;0
2007;09771X0314/F;2;0,04;0,06;19;40;1;2
2007;09773X0008/F;2;0,075;0,09;19;39;1;2
2007;09774X0026/F1;4;0,065;0,09;27;56;1;2
2007;09781X0007/F;4;0,1675;0,29;13;42;1;4
2007;09781X0008/F;2;0,215;0,29;16;39;3;4
2007;09781X0009/F;4;0,22;0,35;13;42;2;4
2007;09781X0010/S;5;0,046;0,08;13;55;1;2
2007;09781X0015/P219;5;0,322;1,44;13;41;1;2
2007;09782X0006/P1;5;0,1;0,14;13;56;1;3
2007;09782X0013/F4;2;0,055;0,06;39;55;1;1
2007;09782X0016/F3;1;0,15;0,15;16;16;2;2
2007;09783X0002/FACR3;5;0,004;0,02;13;38;0;1
2007;09783X0018/F1;2;0,155;0,2;16;38;2;3
2007;09783X0022/F;4;0,07;0,1;13;38;1;2
2007;09784X0010/F3;1;0;0;35;35;0;0
2007;09784X0029/CHICOY;1;0;0;16;16;0;0
2007;09792X0207/F2;2;0,115;0,16;39;56;2;4
2007;09793X0009/F;2;0,4505;0,876;50;114;1;6
2007;09805X0030/F;1;0,035;0,035;50;50;2;2
2007;09838A0421/F;1;0;0;18;18;0;0
2007;09838B2480/F;2;0;0;33;33;0;0
2007;09857X0102/F;2;0,1575;0,2;18;20;3;3
2007;09857X0104/F;1;0;0;18;18;0;0
2007;09858X0233/F;2;0,1035;0,157;18;20;2;3
2007;09882X0208/FONCAU;3;0;0;58;105;0;0
2007;09888X0093/DOUZES;2;0;0;1;58;0;0
2007;09894X0077/DRAC;1;0;0;58;58;0;0
2007;09897X0058/F2;4;0,0115;0,026;348;371;0;1
2007;09903X0004/S;10;0,094;0,29;58;377;0;7
2007;09907X0364/MAURIN;6;0,108333333;0,17;376;377;3;5
2007;09908X0201/P;7;0,02;0,1;1;377;0;1
2007;09908X0351/F;6;0,01;0,03;376;377;0;1
2007;09908X0375/F3;7;0,227142857;0,31;58;377;2;6
2007;09911X0272/AEP;4;0,0225;0,05;346;371;0;2
2007;09911X0275/GARBAS;3;0,21;0,33;346;364;0;4
2007;09911X0280/F;7;0,087142857;0,12;58;378;0;3
2007;09912X0239/P;1;0;0;371;371;0;0
2007;09913X0094/P1;1;0,11;0,11;59;59;3;3
2007;09913X0400/RASCLA;5;0;0;105;371;0;0
2007;09913X0429/F2;4;0,01;0,04;347;371;0;2
2007;09914X0266/F;6;0,163333333;0,21;375;377;3;6
2007;09915X0198/VINCEN;1;0;0;371;371;0;0
2007;09915X0199/SALINA;1;0,139;0,139;371;371;1;1
2007;09915X0217/VIALA;1;0,251;0,251;371;371;3;3
2007;09916X0087/AEP;4;0,0395;0,08;347;371;0;3
2007;09916X0102/ANCETT;2;0,59;0,65;348;371;3;4
2007;09917X0191/CEMM;6;0,135;0,24;375;377;3;6
2007;09917X0197/SERRE;1;0,045;0,045;371;371;1;1
2007;09921X0029/CAMBON;7;0,068571429;0,2;58;377;0;4
2007;09922X0228/S;6;0,18;0,33;376;377;2;4
2007;09932X0188/S1;1;0;0;1;1;0;0
2007;09936X0071/F;1;0;0;1;1;0;0
2007;09936X0099/S1;3;0;0;1;24;0;0
2007;09946X0010/SO;2;0;0;1;24;0;0
2007;09951X0072/P41;6;0,026666667;0,04;376;376;0;2
2007;09957X0065/F;1;0;0;1;1;0;0
2007;09971X0028/F;1;0;0;1;1;0;0
2007;09978X0023;1;0;0;1;1;0;0
2007;09984X0033/SOU;1;0;0;1;1;0;0
2007;09994X0134/F;2;0;0;1;94;0;0
2007;09995X0086/PDR7;2;0;0;1;376;0;0
2007;09998X0178/F;3;0,013333333;0,02;1;94;0;2
2007;10014X0007/F1;1;0;0;20;20;0;0
2007;10014X0036/F;2;0;0;62;86;0;0
2007;10024X0044/D4;2;0,055;0,08;13;19;1;2
2007;10031X0017/F;2;0,025;0,03;39;56;1;1
2007;10033X0067/F;1;0;0;86;86;0;0
2007;10035X0009/F2;2;0;0;86;86;0;0
2007;10035X0010/F3;2;0;0;73;73;0;0
2007;10035X0012/F5;2;0;0;73;73;0;0
2007;10045X0183/P;2;0,922;0,965;86;86;4;5
2007;10046X0136/PZ;2;0;0;73;73;0;0
2007;10061X0027/F;2;0,0585;0,072;18;20;3;3
2007;10092X0191/F;2;0,231;0,363;50;52;4;4
2007;10097X0288/HY;2;0,1365;0,137;50;52;2;2
2007;10098B0247/F;2;0,291;0,35;33;33;2;2
2007;10121X0013/F;1;0;0;18;18;0;0
2007;10132X0203/SOULIE;2;0;0;50;52;0;0
2007;10133X0018/COUMAY;1;0;0;1;1;0;0
2007;10138X0010/S;1;0,25;0,25;58;58;2;2
2007;10142X0022/S;1;0;0;1;1;0;0
2007;10147X0053/SE7;5;0,038;0,13;105;371;0;3
2007;10147X0075/LIMBAR;1;0,058;0,058;371;371;2;2
2007;10148X0021/BASSAN;7;0,397142857;1,38;375;378;1;8
2007;10148X0029/CLOTAL;1;0,719;0,719;371;371;4;4
2007;10153X0060/PLAINE;5;0;0;105;371;0;0
2007;10153X0061/BOYNE;7;0,03;0,15;58;377;0;3
2007;10155X0027/F2;4;0,16225;0,399;348;371;0;5
2007;10155X0109/MASOL3;1;0;0;1;1;0;0
2007;10162X0010/ISKA;6;0,045;0,27;376;377;0;4
2007;10193X0087/F;3;0,006666667;0,02;1;376;0;1
2007;10202X0026/HY;1;0;0;1;1;0;0
2007;10202X0111/F;6;0;0;376;378;0;0
2007;10202X0122/P;6;0,58;0,74;376;376;4;7
2007;10207X0191;1;0;0;1;1;0;0
2007;10212X0029/P1;1;0;0;1;1;0;0
2007;10217X0088/S;1;0;0;1;1;0;0
2007;10222X0007/SOU;1;0;0;1;1;0;0
2007;10241X0170/F2;7;0;0;1;71;0;0
2007;10247X0175/F;7;0,067142857;0,34;79;377;0;1
2007;10263X0014/ERH;2;0;0;47;73;0;0
2007;10272X0012/SOURCE;1;0;0;73;73;0;0
2007;10292X0110/P;2;0,202;0,264;86;86;2;4
2007;10293X0151/F;2;0,1225;0,125;86;86;2;2
2007;10293X0152/P;2;0,29;0,35;86;86;2;3
2007;10293X0153/F;2;0;0;86;86;0;0
2007;10293X0154/PZ;2;0,0165;0,033;86;86;0;1
2007;10294X0129/F;2;0,224;0,25;88;88;2;2
2007;10295X0003/ERH;3;0;0;62;86;0;0
2007;10305X0083/S1;2;0;0;86;86;0;0
2007;10305X0228/F;2;0;0;73;73;0;0
2007;10305X0229/F;2;0;0;73;73;0;0
2007;10305X0231/F;2;0;0;73;73;0;0
2007;10305X0232/F;2;0;0;73;73;0;0
2007;10305X0234/PZ;2;0,116;0,125;86;86;2;2
2007;10305X0235/PZ;2;0;0;72;73;0;0
2007;10306X0036/F1;2;0,057;0,114;62;75;0;2
2007;10306X0245/F;2;0;0;73;73;0;0
2007;10306X0246/F;2;0,134;0,178;86;86;2;3
2007;10306X0247/F;2;0,015;0,03;88;88;0;1
2007;10311X0008/F;3;0,098666667;0,176;50;112;0;3
2007;10316X0021/F;3;0,050666667;0,152;33;114;0;4
2007;10338X0128/F;2;0,055;0,064;18;20;3;3
2007;10356X0001/F;2;0,255;0,365;50;52;3;5
2007;10362X0021/F2;2;0;0;1;62;0;0
2007;10381X0029/HY;1;0;0;1;1;0;0
2007;10383X0025/111111;1;0;0;105;105;0;0
2007;10388X0010/111111;1;0,114;0,114;62;62;2;2
2007;10388X0022/IRRIGA;1;0;0;1;1;0;0
2007;10391X0010/S;1;0;0;58;58;0;0
2007;10394X0085/P1;7;0,002857143;0,02;105;377;0;1
2007;10396X0053/111111;6;0,098333333;0,17;376;377;2;3
2007;10396X0081/MOUS5;7;0,069;0,16;62;377;0;3
2007;10403X0050/F;1;0;0;1;1;0;0
2007;10403X0227/P11;6;0;0;376;377;0;0
2007;10443X0156/HY;2;0;0;1;24;0;0
2007;10446X0066/P;6;0;0;1;1;0;0
2007;10447X0047/SO;1;0;0;1;1;0;0
2007;10452X0153/HY;2;0;0;1;77;0;0
2007;10453X0211/SOU;1;0;0;1;1;0;0
2007;10467X0016/HY;2;0;0;1;63;0;0
2007;10475X0046/F;1;0;0;1;1;0;0
2007;10492X0021/SOURCE;2;0,025;0,05;12;34;0;1
2007;10495X0006/S;1;0;0;86;86;0;0
2007;10508X0004/ERH;2;0;0;73;73;0;0
2007;10514X0014/ERH;1;0;0;73;73;0;0
2007;10516X0005/ERH;1;0;0;73;73;0;0
2007;10517X0013/ERH;3;0;0;62;73;0;0
2007;10518X0016/ERH;1;0;0;73;73;0;0
2007;10522X0030/ERH;2;0;0;73;86;0;0
2007;10522X0193/PZ;2;0;0;73;73;0;0
2007;10524X0011/F;2;0,101;0,109;18;20;2;2
2007;10525X0005/ERH;2;0;0;73;73;0;0
2007;10536X0057/HY;4;0,003;0,007;50;114;0;1
2007;10546X0005/F;2;0,003;0,006;18;20;0;1
2007;10548X0002/F;3;0,004;0,006;50;112;0;1
2007;10577X0125/F;2;0;0;50;52;0;0
2007;10585X0027/F;2;0,0025;0,005;18;20;0;1
2007;10592X0019/P2;7;0,014285714;0,1;60;377;0;1
2007;10601X0005/111111;7;0,212;1,42;61;377;0;2
2007;10603X0022/AEP;1;0;0;1;1;0;0
2007;10616X0029/PRADE;2;0;0;1;376;0;0
2007;10644X0008/P;2;0,2455;0,36;76;77;1;2
2007;10644X0070/F;5;0;0;1;74;0;0
2007;10644X0074/P;6;0,021666667;0,13;376;376;0;1
2007;10651X0289/G1TER;6;0,033333333;0,15;376;377;0;3
2007;10703X0006/HY;2;0;0;50;52;0;0
2007;10721X0012/HY;2;0;0;18;20;0;0
2007;10722X0015/HY;2;0;0;50;52;0;0
2007;10731X0014/HY;2;0;0;18;20;0;0
2007;10732X0106/HY;2;0;0;18;20;0;0
2007;10734X0010/HY;2;0;0;18;20;0;0
2007;10734X0011/HY;2;0;0;50;52;0;0
2007;10756X0017/HY;2;0;0;50;52;0;0
2007;10762X0062/HY;2;0,0255;0,037;50;52;2;2
2007;10765X0112/F;1;0,035;0,035;18;18;2;2
2007;10766X0089/HY;2;0;0;50;52;0;0
2007;10771X0010/MOULIN;1;0;0;1;1;0;0
2007;10772X0006/THERON;1;0;0;1;1;0;0
2007;10775X0004/S;1;0;0;1;1;0;0
2007;10795X0001/S;2;0,03;0,06;1;376;0;2
2007;10863X0033/HY;2;0;0;18;20;0;0
2007;10894X0013/RESURG;1;0;0;1;1;0;0
2007;10902X0002/S;7;0,219285714;0,36;58;377;2;5
2007;10903X0026/PENE;7;0,144857143;0,22;60;377;2;4
2007;10905X0009/FORAGE;2;0;0;1;376;0;0
2007;10906X0027/LIRIU;6;0;0;376;377;0;0
2007;10912X0058/F1N4;2;0;0;1;58;0;0
2007;10912X0059/F1N3;2;0;0;1;58;0;0
2007;10916X0065/F7;2;0;0;1;60;0;0
2007;10953X0022/GORNER;2;0;0;1;58;0;0
2007;10963X0018/111111;7;0,031428571;0,22;60;377;0;3
2007;10963X0041/RIPOLL;2;0,007;0,014;1;60;0;1
2007;10972X0084/111111;1;0;0;60;60;0;0
2007;10972X0151/F6;2;0;0;1;58;0;0
2007;10972X0184/F3BIS;1;0;0;1;1;0;0
2007;10982X0003/SEGRE;2;0,02;0,04;1;376;0;1
2007;11005X0014/F;1;0;0;1;1;0;0
2007;11013X0002/F;6;0,268666667;0,452;31;376;2;3
2007;11042X0120/BRAND;2;0;0;1;376;0;0
2007;11056X0123/FIGA;3;0;0;1;376;0;0
2007;11061X0020/REGINO;2;0;0;1;376;0;0
2007;11061X0034/AJOLA;2;0;0;1;376;0;0
2007;11072X0058/SUER;2;0;0;1;376;0;0
2007;11076X0001/PADULO;2;0;0;1;376;0;0
2007;11088X0024/VIGNOL;2;0;0;1;376;0;0
2007;11111X0054/FONT;2;0;0;1;376;0;0
2007;11128X0104/CHIUNI;2;0;0;1;376;0;0
2007;11152X0042/RENU;2;0,01;0,02;1;376;0;1
2007;11156X0009/BRAVON;2;0;0;1;376;0;0
2007;11176X0229/APPIE2;2;0;0;1;376;0;0
2007;11177X0109/GRAVO;2;0;0;1;376;0;0
2007;11195X0147/FITTEL;3;0;0;1;376;0;0
2007;11221X0134/TRAVO;2;0;0;1;376;0;0
2007;11233X0118/PUGNAC;2;0;0;1;376;0;0
2007;11234X0127/BARA;2;0;0;1;376;0;0
2007;11282X0005/ARAGUI;2;0;0;1;376;0;0
